gn,fileId,title,artist
sdom5085,15085,Identic Conflict,BBN
sdom5084,15084,ANiMA,Xi
sdom5083,15083,TT,Twice
sdom5082,15082,Persephone,Ebico
sdom5081,15081,Garasu no Hitomi,Sid
sdom5080,15080,Imprinting,Sakuzyo
sdom5079,15079,Beautiful,Crush
sdom5074,15074,Catch Me If You Can,SNSD
sdom5073,15073,Holy Knight,Eyemedia
sdom5072,15072,Odin,Black Another
sdom5071,15071,Raison D'etre,Zektbach
sdom5070,15070,Sorceress Elise,Yahpp
sdom5069,15069,Dynasty,Yooh
sdom5068,15068,Butter-Fly,Wada Kouji
sdom5067,15067,Saika,Rabpit
sdom5066,15066,Rising Hope,LiSA
sdom5065,15065,Axion,Sakuzyo
sdom5064,15064,This Game,Konomi Suzuki
sdom5062,15062,Clattanoia,OxT
sdom5060,15060,Almagest,Galdeira
sdom5053,15053,THE HERO !!,JAM Project
sdom5051,15051,Akasagarbha,Wa. vs ETIA.
sdom5048,15048,Elpis,dj TAKA
sdom5047,15047,Ignite,Eir Aoi
sdom5046,15046,Turii,Panta Rhei
sdom5045,15045,Great Escape,Cinema Staff
sdom5044,15044,Jiyuu no Tsubasa,Linked Horizon
sdom5042,15042,Ryoushi No Umi No Rintovurumu,TOMOSUKE
sdom5041,15041,ViViD,May'n
sdom5040,15040,Pure Ruby,Shiki
sdom5035,15035,Shinsekai,Shiraishi
sdom5033,15033,Gentleman,PSY
sdom5030,15030,Guren no Yumiya,Linked Horizon
sdom5029,15029,Tonight,Bigbang
sdom5028,15028,My Dearest,Supercell
sdom5027,15027,Pandora,KARA
sdom5026,15026,I Got A Boy,SNSD
sdom5025,15025,Crayon,G-Dragon
sdom5024,15024,Heartbreaker,G-Dragon
sdom5023,15023,Silly-Go-Round,Yuuka
sdom5022,15022,Joker,DJ Nero
sdom5021,15021,Libera Me,Cranky
sdom5020,15020,V2,DJ TAKA
sdom5019,15019,V,DJ TAKA
sdom5018,15018,Jihad,Kotoko
sdom5017,15017,Phantom of Blue,Maximum Tune
sdom5016,15016,Explosive,Bond
sdom5015,15015,Catch Me,TVXQ
sdom5014,15014,Uso,Full Metal Alchemist
sdom5013,15013,Wedding Dress,Taeyang
sdom5012,15012,My Colorful Confuse,Gumi
sdom5011,15011,Blazability,M.O.V.E.
sdom5010,15010,Forever Young,Initial D
sdom5009,15009,Unfinished,Accel World
sdom5008,15008,Crossing Field,Sword Art Online
sdom5007,15007,Heart of Witch,DJ Max Black Square
sdom5006,15006,Resonance,Soul Eater
sdom5005,15005,Running In The 90's,Initial D
sdom5004,15004,Space Boy,Initial D
sdom5003,15003,Gamble Ramble,Initial D
sdom5002,15002,Final Countdown,Initial D
sdom5001,15001,Dogfight,Initial D
,,,
,,,
,,,
,,,
,,,
,,,
,,,
,,,
sdom2949,12949,答案,"楊坤,郭采潔"
sdom2948,12948,Lemon (檸檬),春茶
sdom2946,12946,雨き声残響,すぃ
sdom2945,12945,ピースサイン,米津玄師
sdom2944,12944,俯瞰show,BIGMAMA
sdom2943,12943,海草舞,蕭全
sdom2942,12942,帶你去旅行,校長（張馳）
sdom2941,12941,佛系少女,馮提莫
sdom2940,12940,Please Don't Go,Afterfab
sdom2939,12939,123我愛你,新樂塵符
sdom2935,12935,SHADOW,Stevie Hoang
sdom2934,12934,Rumors,Jake Miller
sdom2933,12933,Booty Music,Deep Side
sdom2932,12932,"Calvin Harris,Rihanna",This Is What You Came For
sdom2931,12931,Send It,"Austin Mahone,Rich Homie Quan"
sdom2930,12930,Not Another Song About Love,Hollywood Ending
sdom2929,12929,Tonight Tonight,Hot Chelle Rae
sdom2928,12928,I Love The Rain,Claude Kelly
sdom2927,12927,Juliet,LMNT
sdom2926,12926,Everybody Hurts,Avril Lavigne
sdom2925,12925,When Can I See You Again？,Owl City
sdom2924,12924,Galway Girl,Madilyn Bailey
sdom2923,12923,Insomnia,Craig David
sdom2922,12922,Young,Cosmos & Creature
sdom2921,12921,Attention,Charlie Puth
sdom2920,12920,TEENAGE LIFE,Various Artists
sdom2919,12919,Love Yourself,"Natio,Justin Bieber,Conor Mayna"
sdom2918,12918,Cooler Than Me,Mike Posner
sdom2917,12917,Panama,Matteo
sdom2916,12916,Out of Breath,Jared Lee
sdom2915,12915,Runaway,Groove Coverage
sdom2914,12914,Price Tag,Fréro Delavega
sdom2913,12913,Autumn Goodbye,Britney Spears
sdom2912,12912,Get the Party Started,P!nk
sdom2911,12911,Boys,Smile. DK
sdom2910,12910,Sexual Healing,Elize
sdom2908,12908,Que Sera,Justice Crew
sdom2907,12907,Told You So,Christopher
sdom2906,12906,I Can Do It,Elin Lanto
sdom2905,12905,Bulletproof Heart,Indian Boi
sdom2904,12904,Flow,Brittany Underwood
sdom2903,12903,Smile,Dami Im
sdom2901,12901,Stuttering,Fefe Dobson
sdom2900,12900,Fade,Alan Walker
sdom2899,12899,白金ディスコ,井口裕香
sdom2898,12898,The Lazy Song,Bruno Mars
sdom2897,12897,桃源戀歌,GARNiDELiA
sdom2896,12896,Cut to the Feeling,Carly Rae Jepsen
sdom2895,12895,Swish Swish,"Katy Perry,Nicki Minaj"
sdom2894,12894,Payphone,"Maroon 5,Wiz Khalifa"
sdom2893,12893,Tiny Tiny,村川梨衣
sdom2892,12892,Creatures Of The Night,"Hardwell,Austin Mahone"
sdom2891,12891,Youngblood,Hilary Duff
sdom2890,12890,Good Time,Jason Chen
sdom2889,12889,Imprinting,削除
sdom2888,12888,硝子の瞳,Sid
sdom2887,12887,Counting Stars,OneRepublic
sdom2886,12886,My Boyfriend Is Gay,Hailey Rowe
sdom2885,12885,Shake Your Body,羅志祥等
sdom2884,12884,チキンLINE,SKE48
sdom2883,12883,The Greatest,Sia
sdom2882,12882,Don't Wanna Know,Maroon 5
sdom2881,12881,marry the night,Little Glee Monster
sdom2880,12880,尋找理想型,殆死悲愛
sdom2879,12879,I Was King,ONE OK ROCK
sdom2878,12878,Wherever You Will Go,Jay Smith
sdom2877,12877,費玉清,嘿嘿嘿
sdom2876,12876,Shut up!!,THE SECOND from EXILE
sdom2875,12875,Sofia,Alvaro Soler
sdom2874,12874,Summer on You,Sam Feldt
sdom2873,12873,ありがとう,SMAP
sdom2872,12872,Je m'en fous,Ridsa
sdom2871,12871,Let Me Hold You,Cheat Codes
sdom2870,12870,Winter Diary,浜崎あゆみ
sdom2869,12869,Don't You Know,"Kungs,Jamie N Commons"
sdom2868,12868,Starving,Hailee Steinfeld
sdom2867,12867,No Holding Back,"Hardwell,Craig David"
sdom2866,12866,I Love You,A-Peace
sdom2865,12865,Can't Feel My Face,The Weeknd
sdom2864,12864,Player,Tinashe、Chris Brown
sdom2863,12863,Unbelievable,Owl City、Hanson
sdom2862,12862,One Dance,"Drake,WizKid,Kyla"
sdom2861,12861,Different for Girls,"Dierks Bentley,Elle King"
sdom2860,12860,Married To The Music,SHINee
sdom2859,12859,Sorry,Justin Bieber
sdom2858,12858,Cinderella,CNBLUE
sdom2857,12857,Boys Like You,Ariana Grande
sdom2856,12856,Cool For The Summer,Demi Lovato
sdom2855,12855,Hands To Myself,Selena Gomez
sdom2854,12854,Hold On,AXODUS、Key
sdom2853,12853,So Crazy,T-ara
sdom2852,12852,Around U,Ellie Goulding
sdom2851,12851,Magnets,Disclosure、Lorde
sdom2850,12850,Johnny,Ailee
sdom2849,12849,The Original High,Adam Lambert
sdom2848,12848,You’ll Be Mine,Havana Brown
sdom2847,12847,Oops Jaime Pas Langlais,Gullia
sdom2846,12846,Believe It,Cimorelli
sdom2845,12845,El Mismo Sol,Jennifer Lopez、Alvaro Soler
sdom2844,12844,Doo Be Di Boy,Smile
sdom2843,12843,Platonic Love,SNUPER
sdom2842,12842,La Mordidita,Ricky Martin
sdom2841,12841,Dying For You,Otto Knows
sdom2840,12840,Like Ooh-Ahh,Twice
sdom2839,12839,One Step At A Time,Jordin Sparks
sdom2838,12838,LOSER,BIGBANG
sdom2837,12837,Heart Attack,AOA
sdom2836,12836,Doar Cu Tine,Activ
sdom2835,12835,Levels,Nick Jonas
sdom2834,12834,Burn Slow,Wiz Khalifa
sdom2833,12833,Freak,Jay Sean
sdom2832,12832,Go Big Or Go Home,American Authors
sdom2831,12831,Girl A,Alexandros
sdom2830,12830,Lion Heart,少女時代
sdom2829,12829,I Wanna Get Better,Bleachers、Tinashe
sdom2828,12828,Back Together,Nicki Minaj、Robin Thicke
sdom2827,12827,PUPPY(Korean Ver.),FTISLAND
sdom2826,12826,Without You,Beast
sdom2825,12825,我的天,權志龍、太陽、黃光熙
sdom2824,12824,愛を叫べ,嵐
sdom2823,12823,Hand in Hand,初音未來、livetune
sdom2822,12822,看透,蔡妍、許仁昌
sdom2821,12821,SummerThing!,Pitbull、Afrojack、Mike Taylor
sdom2820,12820,Gimme Gimme Luv,板野友美
sdom2819,12819,女神幻想曲,Miss Like
sdom2818,12818,3,Britney Spears
sdom2817,12817,Comsic Ride,Befour
sdom2816,12816,無所不在,吳莫愁
sdom2815,12815,Hourglasss,Disclosure、LION BABE
sdom2814,12814,Should've Been Us,Tori Kelly、Jeremih
sdom2813,12813,壁咚,O2o Goddess
sdom2812,12812,戀愛多一點,花澤香菜
sdom2810,12810,I Wish I Was,Zedd、Flo Cole
sdom2809,12809,Million Tears,Groove Coverage
sdom2808,12808,Tom's Diner,Suzanne Vega
sdom2807,12807,I'm In Love With A Monster,Fifth Harmony
sdom2806,12806,Lights,Hurts
sdom2805,12805,Stayin Out All Night,Wiz Khalifa、Fall Out Boy
sdom2804,12804,On My Own,Ashes Remain
sdom2803,12803,Shine,Years & Years
sdom2802,12802,Amaranth,Nightwish
sdom2801,12801,Strip It Down,Luke Bryan
sdom2800,12800,CAN'T WAIT TO LOVE YOU,Beast
sdom2799,12799,I Am,Leona Lewis
sdom2798,12798,Somebody,Natalie La Rose
sdom2797,12797,Bitch Better Have My Money,Karmin
sdom2796,12796,Touch My Body,Mariah Carey
sdom2795,12795,Ain't Got Far To Go,Jess Glynne
sdom2794,12794,電動王,麻吉弟弟
sdom2793,12793,Turn It Up,Grum
sdom2792,12792,聽,方大同
sdom2791,12791,Beautiful Now,Zedd、Jon Bellion
sdom2790,12790,我管你,華晨宇
sdom2789,12789,Beautiful to Me,Olly Murs
sdom2788,12788,Tiger,R3hab
sdom2787,12787,Here It Is,Flo Rida
sdom2786,12786,DJ Got Us Fallin' In Love,Usher
sdom2785,12785,Nobody Knows,Darin
sdom2784,12784,Baboy,Sebastian Castro
sdom2783,12783,Another You,Armin van Buuren、Mr. Probz
sdom2782,12782,子時,孫子涵
sdom2781,12781,Borders,Ramzoid
sdom2780,12780,Believe,機動戰士高達
sdom2779,12779,Verge,Owl City&Aloe Blacc
sdom2778,12778,Black hole,U-KISS
sdom2777,12777,This,Frankmusik
sdom2776,12776,Doom Doom,MC夢
sdom2775,12775,R.A.D.I.U.S,Camellia
sdom2774,12774,Pepe,CLC
sdom2773,12773,Blue Skies,Lenka
sdom2772,12772,Crazy,4minute
sdom2771,12771,Tonight Again,Guy Sebastian
sdom2770,12770,Understatement,Kristina
sdom2769,12769,Five More Hours,Deorro
sdom2768,12768,Immortals,Fall Out Boy
sdom2767,12767,Pray to God,Calvin Harris
sdom2766,12766,Sugar,Maroon 5
sdom2765,12765,Back To Earth,Steve Aoki
sdom2764,12764,10分鐘前,Boyfriend
sdom2763,12763,Take My Hand,GOT7
sdom2762,12762,星光月光,secret
sdom2761,12761,大切な宝物,ちょうちょ
sdom2760,12760,誰も知らない,嵐
sdom2759,12759,TWINKLE TWINKLE,Secret
sdom2758,12758,HOT SUN,金賢重
sdom2757,12757,チョコの奴隶,Ske48
sdom2756,12756,コイノシルシ,悠木碧
sdom2755,12755,愛情如此簡單,namolla family
sdom2754,12754,Someday,IU
sdom2753,12753,Don't flirt,2WINNER
sdom2752,12752,Why So Serious,SHINee
sdom2751,12751,Loving U,SISTAR
sdom2750,12750,Mayday,Oran G
sdom2749,12749,Rainbow Rose,姜智英
sdom2748,12748,Crystal,Apink
sdom2747,12747,心跳,Infinite F
sdom2746,12746,鞋子特大號,周杰倫
sdom2745,12745,愛的鼓勵,林俊杰
sdom2744,12744,Marry Me,金承熙
sdom2743,12743,Lamb,GARNiDELiA
sdom2742,12742,EYES,TaeTiSeo
sdom2741,12741,Action,NU’EST
sdom2740,12740,Beauty And A Beat,Justin Bieber、Nicki Minaj
sdom2739,12739,Hot Summer,F(x)
sdom2738,12738,Ma Boy 2,Electroboyz
sdom2737,12737,After School,Diva
sdom2736,12736,Mi Amor,赤西仁
sdom2735,12735,Shalala Ring,NU'EST
sdom2734,12734,She`s Bad,Natthew
sdom2733,12733,Run & Run,N.SONIC
sdom2732,12732,Reset,N.SONIC
sdom2731,12731,Lie,N.SONIC
sdom2730,12730,那,Mi2
sdom2729,12729,BAD MAMA JAMA,BIGFLO
sdom2728,12728,Blue,Big Bang
sdom2727,12727,Sweet Talk,Samantha Jade
sdom2726,12726,禁断のレジスタンス,水樹奈々
sdom2725,12725,永遠フレンズ,新田恵海
sdom2724,12724,約會對白,孫子涵
sdom2723,12723,Shape of your heart,U-KISS
sdom2722,12722,FEEL IT,U-KISS
sdom2721,12721,Bbibbi,Queen B'Z
sdom2720,12720,Never Know,西野加奈
sdom2719,12719,Piesa mea preferata,Vescan
sdom2718,12718,大大的擁抱,A-Lin
sdom2717,12717,未來先見,吴克羣
sdom2716,12716,Fireflies,Owl City
sdom2715,12715,Mirrors,Natalia Kills
sdom2714,12714,Yasisi,N.S允智
sdom2713,12713,美妙的寂寞,Eva
sdom2712,12712,Pretty,breeze
sdom2711,12711,MASAYUME CHASING,BoA
sdom2710,12710,Play 我呸,蔡依林
sdom2709,12709,Wild,NINE MUSES
sdom2708,12708,We Run the Night,Havana Brown
sdom2707,12707,Timing,Girl's Day
sdom2706,12706,Beautiful Day,G.NA
sdom2705,12705,Til It's Gone,Britney Spears
sdom2704,12704,TicToc,Belanova
sdom2703,12703,17,Avril Lavigne
sdom2702,12702,Never Close Our Eyes,Adam Lambert
sdom2701,12701,With You,周筆暢
sdom2700,12700,飛簷走壁,徐海星
sdom2699,12699,reunion,狂熱節拍
sdom2698,12698,江南街,橙子焦糖
sdom2697,12697,Good Boy,白智英;龍俊亨（Beast）
sdom2696,12696,Tonight,Union J
sdom2695,12695,Lucky Wannabeee!,T-ara
sdom2694,12694,U Beauty,100%
sdom2693,12693,Trouble,Neon Jungle
sdom2692,12692,Mamma Mia!,KARA
sdom2691,12691,black bullet,fripSide
sdom2690,12690,Sign,Brown Eyed Girls
sdom2689,12689,Pump It,Bond
sdom2688,12688,YOU ARE MY GIRL,B1A4
sdom2687,12687,Winter Games,2PM
sdom2686,12686,英雄野望,吴克羣
sdom2685,12685,YUME,吉田兄弟
sdom2684,12684,The Freak Show,Various
sdom2683,12683,Glow In the Dark,The Wanted
sdom2682,12682,青春修煉手冊,TFBOYS
sdom2681,12681,OK GO!,SISTAR
sdom2680,12680,But I Love U,SISTAR
sdom2679,12679,春よ、来い,sama
sdom2678,12678,OMG,Ruslan Nigmatullin
sdom2677,12677,戰神,MP魔幻力量
sdom2676,12676,Maps,Maroon 5
sdom2675,12675,Bonfire,Knife Party
sdom2674,12674,Light Em Up,Fall Out Boy
sdom2673,12673,Hungover You,bella
sdom2672,12672,Nightmare,Artists
sdom2671,12671,王者之聲,潘瑋柏
sdom2670,12670,婚禮進行曲,門德爾松
sdom2669,12669,ロミオとシンデレラ,花たん
sdom2668,12668,誰Control,韓庚
sdom2667,12667,Shake Your Body,郭富城&羅志祥
sdom2666,12666,英仙座,島谷瞳
sdom2665,12665,XOXO,濱崎步
sdom2664,12664,Action,NINE MUSES
sdom2663,12663,Dame,Natalia
sdom2662,12662,Crystallize,Kylie
sdom2661,12661,Your Captain Tonight,Elena
sdom2660,12660,Hey Mr,Crayon Pop
sdom2659,12659,Rainbow,Blake Reary
sdom2658,12658,Nowhere Near,Blake Reary
sdom2657,12657,他的貓,徐良
sdom2656,12656,愛情呼救999,弦子
sdom2655,12655,打呼,潘瑋柏
sdom2654,12654,愛不愛我,大嘴巴
sdom2653,12653,緣分,Mi2
sdom2652,12652,小蘋果 (電影《老男孩猛龍過江》宣,筷子兄弟
sdom2651,12651,波爺,曾志偉
sdom2650,12650,快到我碗裡來,王麟
sdom2649,12649,アパッショナート,水樹奈奈
sdom2648,12648,蝶,V6樂隊
sdom2647,12647,Dragon Rider,Two Steps
sdom2646,12646,La La La (Brazil 2014),Shakira
sdom2645,12645,Can't Remember To Forget You,Shakira
sdom2644,12644,Eifersucht,Rammstein
sdom2643,12643,We Are Giants,Lindsey
sdom2642,12642,I Love My People,Eddie Wata
sdom2641,12641,Action,BoA
sdom2640,12640,Here With You,Asher Book
sdom2639,12639,Eiforya,Armin
sdom2638,12638,Problem,Ariana Grande
sdom2637,12637,離開他,Ailee
sdom2636,12636,夜空中最亮的星,逃跑計劃
sdom2635,12635,想神馬有神馬 (feat. 吳莫愁),李代沫;吳莫愁
sdom2634,12634,MIRACLE,MYNAME
sdom2633,12633,Sha La La,Maria Sagana
sdom2632,12632,My Destiny,Lyn
sdom2631,12631,像星星一樣,K.Will
sdom2630,12630,Something,Girl's Day
sdom2629,12629,Kids Again(Radio Edit),Example
sdom2628,12628,短裙_Miniskirt,AOA（韓國）
sdom2627,12627,marry the night,adam lambert
sdom2626,12626,Bailando,Enrique Iglesias
sdom2625,12625,今天做什麼,4minute
sdom2624,12624,入陣曲,五月天
sdom2623,12623,Bungee Jump,U-KISS
sdom2622,12622,再見,孝琳
sdom2621,12621,Meet Her At Loveparade,DJ Aligator
sdom2620,12620,Butterflies,Zendaya
sdom2619,12619,Crush,2NE1
sdom2618,12618,Canon DJ,Beethoven
sdom2617,12617,1004,B.A.P
sdom2616,12616,Victory Korea,Super Junior
sdom2615,12615,La Song,Rain
sdom2614,12614,The Creator,妖精帝國
sdom2613,12613,Bad Apple!!(Remix),nomico
sdom2612,12612,Music Makes One,具俊燁
sdom2611,12611,成為魔女的理由,N.S允智
sdom2610,12610,舞魂再現,羅志祥
sdom2609,12609,The Dirty of Loudness,狂熱節拍
sdom2608,12608,後遺症,ZE_A
sdom2607,12607,Real Love,U-KISS
sdom2606,12606,ALONE,U-KISS
sdom2605,12605,In,Simple Plan
sdom2604,12604,To Me,Rainbow
sdom2603,12603,Replay,Raffaella Carra
sdom2602,12602,LADIES,ICONIQ
sdom2601,12601,Change,Churchill
sdom2600,12600,如果天還沒黑,星弟
sdom2599,12599,Way,Kara
sdom2598,12598,Let It Go(冰雪奇緣),Idina Menzel
sdom2597,12597,Love Again,3rd Coast
sdom2596,12596,肩上蝶,金志文、湯曉菲
sdom2595,12595,我們相愛可以嗎,孫佳仁、趙權
sdom2594,12594,LOVE DAY,梁耀燮、鄭恩地
sdom2593,12593,All For You,徐仁國、鄭恩地
sdom2592,12592,感覺特別,胡彥斌、郭凌霞
sdom2591,12591,片想い。~リナリア~,Sonar Pocket
sdom2590,12590,Tell Me Love,HISTORY
sdom2589,12589,Blind Love,CNBLUE
sdom2588,12588,Here We Go,Hard Rock Sofa
sdom2587,12587,Empire State Glory,Dirty Androids
sdom2586,12586,Super Style,Spexial
sdom2585,12585,第六十一分鐘,羅志祥
sdom2584,12584,Carry You(Remix),Union J
sdom2583,12583,愛投羅網,羅志祥
sdom2582,12582,女力,溫嵐
sdom2581,12581,"Have, Don't Have",Dal★shabet
sdom2580,12580,Shake It Up,KARA
sdom2579,12579,Breath,金俊秀
sdom2578,12578,Live It Up,Owl City
sdom2577,12577,貝多芬的悲傷,蕭風
sdom2576,12576,祝你聖誕快樂,玩家原創
sdom2575,12575,甩蔥DJ版,初音未來
sdom2574,12574,魅惑鋼琴,R.M.X
sdom2573,12573,Lunatic Sky,m2u
sdom2572,12572,Luv Letter,Dj Okawari
sdom2571,12571,仿如夢境,Deen
sdom2570,12570,Rainbow Tylenol,Kitsune^2
sdom2569,12569,憂傷的聖誕節,BeautifulDay
sdom2568,12568,海洋之心,Yamajet
sdom2567,12567,Joker,D.J.Nero
sdom2566,12566,Mellow Melody,CEUI
sdom2565,12565,白の魔法の光,圮鬲堝蚊
sdom2564,12564,RED ZONE,Tatsh & Naoki
sdom2563,12563,幻想境界,Red Pulse
sdom2562,12562,she is my sin,nightwish
sdom2561,12561,Trouble is friend,Lenka
sdom2560,12560,爆發！櫻桃紅唇之吻！,KOTOKO
sdom2559,12559,向日葵の記憶,Innocent Key
sdom2558,12558,赤訊號,Kevin.o2S
sdom2557,12557,Broken,dj TAKA Feat. AiMEE
sdom2556,12556,Uranus,Tatsh SN2 Style
sdom2555,12555,克羅埃西亞狂想曲,maksim
sdom2554,12554,Flower Dance,Dj Okawari
sdom2553,12553,Blue Bird,ikimono gakari
sdom2552,12552,深海少女,初音未來
sdom2551,12551,Gentleman,Psy
sdom2550,12550,Baby,Justin Bieber
sdom2549,12549,穿越時空的愛戀,Brandy
sdom2548,12548,Bird Sprite(D.K.R.mix),ツナマヨちゃん
sdom2547,12547,黑洞8,PLight
sdom2546,12546,Kinato Ymir,nato
sdom2545,12545,Child In Paradise,maksim
sdom2544,12544,La grand bleu,DJ-EZ2DJ
sdom2543,12543,地震,KAZE.o2SE
sdom2542,12542,EOS,ginkiha
sdom2541,12541,貴族5,SHK
sdom2540,12540,S.S-惡靈暗湧-,Kinato
sdom2539,12539,Emerald_sword,Alex Staropoli
sdom2538,12538,Breaking The Habit,Linkin Park
sdom2537,12537,Close Your Eyes,澤野弘之
sdom2536,12536,自己呀,樸株會
sdom2535,12535,KISSY KISSY,Smile
sdom2534,12534,Try,P!nk
sdom2533,12533,That's Miko Reimu,IOSYS
sdom2532,12532,Necro Fantasy,東方
sdom2531,12531,Love,Wolf.R
sdom2530,12530,V.C-金星狂歡-,玩家原創
sdom2529,12529,貴族4,SHK
sdom2528,12528,放開心靈,Red Pulse
sdom2527,12527,Crossing Those Hills,FF9
sdom2526,12526,Euphorium,DM Ashura
sdom2525,12525,Rose-1,cornandbeans
sdom2524,12524,刀鋒偏冷,李宇春
sdom2523,12523,冷たい部屋、一人,小松未可子
sdom2522,12522,Pure in Asia,東方
sdom2521,12521,Crystal World,Wa. remixed celas
sdom2520,12520,超級奇蹟,玩家原創
sdom2519,12519,卡農(Techno Remix),Steven Lin
sdom2518,12518,Dr Feel Good,RaNia
sdom2517,12517,Harajuku Girls,Gwen Stefani
sdom2516,12516,Phase 2,DM Ashura
sdom2515,12515,憂傷旋律(Torrent mix),B0UNC3
sdom2514,12514,I'M NOT OK,文熙俊
sdom2513,12513,Love Song,神話
sdom2512,12512,Promise You,Super Junior K.R.Y.
sdom2511,12511,任性情人,王心凌
sdom2510,12510,MINIMANIMO,Tiny-G
sdom2509,12509,Beep Beep,少女時代
sdom2508,12508,他算什麼,MYNAME
sdom2507,12507,I'm Yesterday,Jw、namolla Family
sdom2506,12506,Electric Shock,F X
sdom2505,12505,Bingo,Turtles
sdom2504,12504,那樣的你,BoA
sdom2503,12503,Without You,Blue
sdom2502,12502,OH BABY,Big Bang
sdom2501,12501,想怎樣,Big Bang
sdom2499,12499,謊言,Big Bang
sdom2498,12498,Last Farewell,Big Bang
sdom2497,12497,5 My Baby,Beast、Apink
sdom2496,12496,雨聲,B.A.P
sdom2495,12495,You And Me,Andy
sdom2494,12494,Missing You,權志龍
sdom2493,12493,即刻出發,吉克雋逸
sdom2492,12492,LIPSTICK,橙子焦糖
sdom2491,12491,feat. 阿悄,本兮 - 無限速
sdom2490,12490,要瘋了,Teen Top
sdom2489,12489,If You Love Me (Feat.樸宰範),N.S允智
sdom2488,12488,Popular Song (feat. Ariana Grand,Mika
sdom2487,12487,Don't Forget Me,Girl's Day
sdom2486,12486,Playing With Fire,Darin
sdom2485,12485,发飆(终极王者版),Spexial
sdom2484,12484,Beep Beep,少女時代
sdom2483,12483,我受罰,盧志勳
sdom2482,12482,1'2'3'4,李夏怡
sdom2481,12481,Ice Cream,金泫雅
sdom2480,12480,冷,Epik High
sdom2479,12479,queen,孫丹菲
sdom2478,12478,Maker,盧志勳
sdom2477,12477,HIGH歌,黃齡
sdom2476,12476,Where Is My Love,STi
sdom2475,12475,Luv Me,D-Unit
sdom2474,12474,意気地なしマスカレード,指原莉乃
sdom2473,12473,福爾摩斯,蕭敬騰
sdom2471,12471,FLOWER POWER,少女時代
sdom2470,12470,Climactic Cry,少女病
sdom2469,12469,重口味,陳奕迅
sdom2468,12468,Song 4 u,濱崎步
sdom2467,12467,花又開好了,S.H.E
sdom2466,12466,走過,B1A4
sdom2465,12465,LET'S GO OUT,AMOYAMO
sdom2464,12464,贖罪,Euphoreon
sdom2463,12463,空冥之嘆,DM ashura
sdom2462,12462,Executioner,SeasonⅠ
sdom2461,12461,Oriental Wind,SeasonⅡ
sdom2460,12460,blending rotation,SeasonⅢ
sdom2459,12459,Scarlet Blow,SeasonⅣ
sdom2458,12458,Bloody Brand,SeasonⅤ
sdom2457,12457,Reflection,SeasonⅥ
sdom2456,12456,Air Trancer,SeasonⅦ
sdom2455,12455,Over the sky,SeasonⅧ
sdom2454,12454,Where...,SeasonⅨ
sdom2453,12453,Jul.Dream,SeasonⅪ
sdom2452,12452,イノセントステイン,SeasonⅩ
sdom2451,12451,Liberating prayer !!,SeasonⅫ
sdom2450,12450,Extra 3rd is Crimson Dead Techni,SeasonXXXXX
sdom2449,12449,Extra 2nd is エルの天秤,SeasonXXXXX
sdom2448,12448,Extra 1st is ミユグ,SeasonXXX
sdom2447,12447,Crying in the Dark,SeasonFinal
sdom2446,12446,惡靈暗湧,S.S
sdom2445,12445,潛靈暗湧,I.S
sdom2444,12444,小叮噹,孫佳仁
sdom2443,12443,君のCW,チームサプライズ
sdom2442,12442,crossing field,Lisa（リサ）
sdom2441,12441,Look At Me,Jewelry
sdom2440,12440,V SPACE,魏晨
sdom2439,12439,我們在改變,魏晨
sdom2438,12438,你的名作,輝星
sdom2437,12437,Catch Me,東方神起
sdom2436,12436,沒有男人也能好好的,miss A
sdom2435,12435,愛情闖進門,BY2
sdom2434,12434,Spy,Super Junior
sdom2433,12433,ANYMORE,徐仁英
sdom2432,12432,Tarantallegra,金俊秀
sdom2431,12431,One More Night,Maroon 5
sdom2430,12430,fortissimo -the ultimate crisis,Fripside
sdom2429,12429,UNCOMMITTED,金俊秀
sdom2428,12428,江南style,Psy
sdom2427,12427,Spending all my time,Perfume
sdom2426,12426,Get Up,Nine Muses
sdom2425,12425,Butterfly,Jessica (少女時代)
sdom2424,12424,BRIGHT STREAM,水樹奈奈
sdom2423,12423,BLINK,東方神起
sdom2422,12422,大人ジェリービーンズ,渡邊麻友
sdom2421,12421,ANDROID,東方神起
sdom2420,12420,PONPONPON,またはきゃりーぱみゅぱみゅ
sdom2419,12419,Chase the world,May'n
sdom2418,12418,Start It Again,Aziatix
sdom2417,12417,BUBIBU,A pink
sdom2416,12416,Listen To The Rain,w-inds
sdom2415,12415,I Love You,2NE1
sdom2414,12414,"Sexy, Free & Single",Super Junior
sdom2413,12413,釋放自己,潘瑋柏
sdom2412,12412,時空サファイア,水樹奈奈
sdom2411,12411,深愛,水樹奈奈
sdom2410,12410,終わりの世界から,麻枝準
sdom2409,12409,我愛遊戲,T-ara
sdom2408,12408,HOLIDAY,T-ara
sdom2407,12407,DAY BY DAY,T-ara
sdom2406,12406,Lead Me,SISTAR
sdom2405,12405,白い雪のプリンセスは,初音未來
sdom2404,12404,桃花扇,汪蘇瀧
sdom2403,12403,西瓜BABY,Not yet
sdom2402,12402,Boyfriend,Justin Bieber
sdom2401,12401,抱我一次,Girl's Day
sdom2400,12400,Love,f(x)
sdom2399,12399,HISTORY,EXO-K
sdom2398,12398,像最初一樣【I Do I Do OST】,Eden
sdom2397,12397,Love Is Energy,CHICHI
sdom2396,12396,Volume Up,minute
sdom2395,12395,Zzz,佐咲紗花
sdom2394,12394,考試什麼的都去死吧,徐良
sdom2393,12393,インモラリスト,堀江由衣
sdom2392,12392,對不起,樸正炫
sdom2391,12391,告白,平井堅
sdom2390,12390,狂草,韓庚
sdom2389,12389,白月光,張信哲
sdom2388,12388,キミにささげる あいのマホウ,ダ?カーポIII
sdom2387,12387,未来への咆哮,JAM Project
sdom2386,12386,Flashback,After School
sdom2385,12385,Happy Ending,樸宰範
sdom2384,12384,I Love You More Than My Soul,樸奎利
sdom2383,12383,燃點,胡夏
sdom2382,12382,雪,杜雯媞
sdom2381,12381,向全世界宣佈我愛你,孫子涵 李瀟瀟
sdom2380,12380,華鳥風月,senya
sdom2379,12379,shake it up!,kis-my-ft2
sdom2378,12378,Wanna,Kara
sdom2377,12377,La-Di Da-Di,CROSS GENE
sdom2376,12376,君の神話～アクエリオン第二章,AKINO
sdom2355,12355,最炫民族風,鳳凰傳奇
sdom2325,12325,The Boys,少女時代
sdom2324,12324,君の知らない物語,化物語
sdom2323,12323,夜空中,After School Red
sdom2322,12322,she,東方神起
sdom2321,12321,Time Is (L)over,張佑赫
sdom2320,12320,分手的方法,曹圭賢
sdom2319,12319,あい,不公正抽籤
sdom2318,12318,dream scape,Tsubasa翼2
sdom2317,12317,Maximum,東方神起
sdom2316,12316,讓我們就這樣愛著吧（Apink）,A Pink
sdom2315,12315,shiny smile,天海春香萩原雪歩　秋月律子
sdom2314,12314,晴れ時計,魔界奇兵
sdom2313,12313,1000％SPARKING,魔法老師II
sdom2312,12312,寶石(井上麻裡奈),柯賽特的肖像
sdom2311,12311,最強○×計畫,地上最強新娘
sdom2310,12310,夢想歌,傳頌之物
sdom2309,12309,射手座☆午後九時Don’t be late,超時空要塞
sdom2308,12308,くちびる白昼夢,草莓狂熱
sdom2307,12307,Sweetest,草莓狂熱
sdom2306,12306,Harmonies,不公正抽籤
sdom2305,12305,かえして! ニーソックス,らき☆すた
sdom2304,12304,Do-Dai,THE IDOLM@STER
sdom2303,12303,黑い涙,土屋安娜
sdom2302,12302,また あした,Every Little Thing
sdom2301,12301,モザイクカケラ,code geass反叛的魯路修
sdom2300,12300,アニメサントラ,Chevalier騎士
sdom2299,12299,青空のナミダ,Blood+高橋 瞳
sdom2298,12298,風待ちジェット,Tsubasa翼2
sdom2297,12297,oops!,super junior
sdom2296,12296,a cha,super junior
sdom2295,12295,哈利路亞,rurutia
sdom2294,12294,on the floor,jennifer lopez
sdom2292,12292,SOS団ラジオ支部ed_運命的事件の幸,涼宮ハルヒの憂鬱
sdom2291,12291,takeover,mizz nina
sdom2290,12290,ok na ka,Katreeya
sdom2289,12289,你為我著迷,鄭容和（CNBLUE）
sdom2288,12288,客官 不可以,徐良 小凌
sdom2279,12279,Vortex,DJ
sdom2278,12278,My Spirit Will Go On,dragonforce
sdom2277,12277,BLOOD on FIRE,AAA
sdom2276,12276,電人、暁に斃れる。,L.E.D.-G
sdom2275,12275,Log-in,T_ara
sdom2274,12274,FATE,酷懶之味
sdom2273,12273,我愛你,SG Wanna be
sdom2272,12272,戀愛的三種技巧,殆死悲爱、申乾
sdom2271,12271,In Heaven,JYJ
sdom2270,12270,Red Sign,Kevin
sdom2269,12269,戰,尚雯婕
sdom2268,12268,Time Is,吳鍾赫
sdom2267,12267,Demon,樸宰範
sdom2266,12266,Hero,Simon D
sdom2265,12265,White(被詛咒的旋律 OST),PinkDolls
sdom2264,12264,風之旋律,IU
sdom2263,12263,直到無法呼吸,BBAN
sdom2262,12262,Good Bye,米娜(Mina)
sdom2261,12261,letter_song,ヲタみんver
sdom2260,12260,なないろ☆ナミダ,Tomato n' Pine
sdom2259,12259,太完美,superjunior m
sdom2258,12258,super junior,Mr. Simple
sdom2257,12257,對我來說她太漂亮了,金朝漢
sdom2256,12256,Bad Girl,少女時代
sdom2255,12255,IN MY WORLD,ROOKiEZ is PUNK'D
sdom2254,12254,Funny Bunny,ELLEGARDEN
sdom2253,12253,Remember,EI
sdom2252,12252,サムライハ ト(Some Like It Hot!!,SPYAIR
sdom2251,12251,桃源郷エイリアン,serial
sdom2250,12250,戦場に咲いた一輪の花,飛蘭
sdom2249,12249,青い栞,Galileo Galilei
sdom2248,12248,suddenly,金寶京
sdom2247,12247,perfect man (永不言棄插曲),神話
sdom2246,12246,カワルミライ,ちょうちょ
sdom2245,12245,tok tok tok,super junior
sdom2244,12244,Be Starters!,喜多村英梨
sdom2243,12243,Figaro,Nine muses
sdom2242,12242,Brand New Voice,花たん
sdom2241,12241,it's alright,城市獵人
sdom2230,12230,耀眼的你,Can
sdom2223,12223,コネクト,ClariS
sdom2222,12222,Lion,中島愛&May'n
sdom2221,12221,拿去吧！水手服,幸運星
sdom2220,12220,少女綺想曲 DreamBattle,東方
sdom2217,12217,Bubble Pop!,金泫雅
sdom2213,12213,You&Me,田村ゆかり
sdom2200,12200,克羅埃西亞狂想曲,Maksim Mrvica
sdom2199,12199,The Kinslayer,Nightwish
sdom2198,12198,give me every thing,pitbull
sdom2197,12197,星光月光,Secret
sdom2196,12196,Oh! Honey,Secret
sdom2195,12195,hello hello,f.t、island
sdom2194,12194,nu abo,f x
sdom2193,12193,danger,f x
sdom2192,12192,Time Is,DNT
sdom2191,12191,lonely,2 ne1
sdom2190,12190,旅行,瀧&翼
sdom2189,12189,dive to world,家庭教師第三季主題曲
sdom2188,12188,ガチでいこうぜ!,白石稔
sdom2187,12187,劉佳 愛很美,sara
sdom2186,12186,アンサイズニア,One Ok Rock
sdom2185,12185,Girl,金亨俊
sdom2184,12184,我認識的人,SG Wanna Be
sdom2183,12183,ミライボウル,Momoiro Clover
sdom2182,12182,自由時代,樸寶英
sdom2181,12181,walking on sunshine,樸寶英
sdom2180,12180,虹Niji,BEAST
sdom2179,12179,Lovely Day,樸信惠
sdom2178,12178,依然,李弘基
sdom2177,12177,我的女友是九尾狐,諾珉宇
sdom2176,12176,dash girl,尹恩惠
sdom2175,12175,約定,a.n.jell
sdom2174,12174,チャンスの顺番,akb48
sdom2173,12173,けない心,AAA
sdom2172,12172,WHY,4Minute
sdom2171,12171,最愛,2AM
sdom2140,12140,動畫歌曲串燒,動畫歌曲串燒
sdom2139,12139,maybe,閔先藝
sdom2138,12138,kasio,taru
sdom2137,12137,For You,Rie.fu
sdom2136,12136,Eyes Wide Shut,JLS
sdom2135,12135,Turtles,烏龜組合
sdom2134,12134,おしゃれ マイドリ_ム,小川真奈
sdom2133,12133,Jumping,KARA
sdom2132,12132,High High,Bigbang
sdom2131,12131,love the way you lie,Eminem&rihanna
sdom2130,12130,香水,徐佳瑩
sdom2129,12129,Tempest,中島岬
sdom2128,12128,Lilac,中島岬
sdom2127,12127,luv letter,dj okawari
sdom2126,12126,flower dance,dj okawari
sdom2125,12125,吞噬太陽,trax
sdom2124,12124,Alicia  OST,IU
sdom2123,12123,just the way u are,bruno mars
sdom2122,12122,granade,bruno mars
sdom2121,12121,abracadabra,brown eyed girls
sdom2120,12120,Kiss Me 愛してる,°C-ute
sdom2119,12119,令人興奮,殆死悲愛
sdom2118,12118,Shining Star,超新星
sdom2117,12117,telephone,lady gaga feat. beyonce
sdom2116,12116,supa luv,teen top
sdom2115,12115,a manin love,super junior
sdom2114,12114,orion,中島美嘉
sdom2113,12113,每天每天,殆死悲愛
sdom2112,12112,wish,olivia
sdom2111,12111,we r who we r,ke$ha
sdom2110,12110,rolling in the deep,adele
sdom2109,12109,dream high,2PM
sdom2108,12108,distance,西野カナ
sdom2107,12107,Visual Dream,少女時代
sdom2106,12106,hoot,少女時代
sdom2105,12105,genie,少女時代
sdom2104,12104,可疑的男人,李貞賢
sdom2103,12103,B.o.B  Price Tag,Jessie J Feat
sdom2102,12102,Black & White,G.NA
sdom2101,12101,Forget You,CEE LO GREEN
sdom2100,12100,都是因為你,Beast
sdom2099,12099,trust you,伊藤由奈
sdom2098,12098,寂寞寂寞就好,田馥甄
sdom2097,12097,falling,Beast
sdom2096,12096,那個女人,秘密花園
sdom2095,12095,她說,林俊杰
sdom2094,12094,メルト,初音
sdom2093,12093,情歌沒有告訴你,梁靜茹
sdom2092,12092,love forever,加藤ミリヤ&清水翔太
sdom2091,12091,S.H.E,JUJU
sdom2090,12090,only my railgun,fripSide
sdom2079,12079,瞬_センチメンタル,SCANDAL
sdom2078,12078,会いたいロンリ_クリスマス,℃-ute
sdom2077,12077,Albida,DJ YOSHITAKA
sdom2076,12076,Stoer,ピコ
sdom2075,12075,Rain,YUI
sdom2074,12074,again,YUI
sdom2073,12073,勿忘草,ピコ
sdom2072,12072,Dragon Blade,Kozo Nakamura
sdom2071,12071,Summer,久石讓
sdom2070,12070,ピアノ协奏曲第1番“悲鸣”,岬
sdom2069,12069,亡靈,電鋸驚魂
sdom2068,12068,running,瑪麗外宿中
sdom2067,12067,congratulation,瑪麗外宿中
sdom2066,12066,winner,不思議遊戲
sdom2065,12065,my bus,張根錫
sdom2064,12064,tell me your love,trax
sdom2063,12063,super star,Kara
sdom2062,12062,my precious,瑪麗外宿中
sdom2061,12061,Evans,DJ Yoshitaka
sdom2060,12060,hello、hello,張根錫
sdom2059,12059,burning,瑪麗亞 - 亞瑞唐多
sdom2058,12058,One Thing,4Minute
sdom2057,12057,說愛你,昭宥
sdom2056,12056,心碎了,吳宗赫
sdom2055,12055,男女共學,Too Late
sdom2054,12054,Windows Of Myself,Tres.B
sdom2053,12053,Oh!我的女神,Trax
sdom2052,12052,天空 大地 星星,T-ara
sdom2051,12051,Ma! Boy？,韓彩媛
sdom2050,12050,請播放音樂 DJ,miss A
sdom2040,12040,Hello,SHINee
sdom2036,12036,Breaking News,邁克爾·傑克遜
sdom2035,12035,吻我好嗎,G.NA
sdom2031,12031,ヘビーローテーション,AKB48
sdom2030,12030,Go Away,2NE1
sdom2028,12028,超級自戀男,喬洋
sdom2027,12027,現在開始我愛你,李勝基
sdom2026,12026,Mine,Taylor Swift
sdom2023,12023,愛上你,BY2
sdom2022,12022,夏天,李玖哲
sdom2021,12021,"Jump, Jump, Jump",高耀太
sdom2020,12020,講男講女,陳奕迅 露雲娜
sdom2019,12019,Break It,安室奈美惠
sdom2018,12018,Mission Statement,Stone Sour
sdom2017,12017,異想天開,楊丞琳
sdom2016,12016,黑吃黑,張惠妹
sdom2015,12015,黑白之吻,SID
sdom2014,12014,大開眼界,魔幻1+1
sdom2013,12013,愛瘋頭,羅志祥
sdom2012,12012,新流感,楊丞琳
sdom2011,12011,青春門,楊丞琳
sdom2010,12010,左右,戴愛玲
sdom2009,12009,壞天使,江映蓉
sdom2008,12008,Party Girl,McFly
sdom2007,12007,I Like It,Enrique Iglesias Pitbull
sdom2006,12006,Tomorrow,Avril Lavigne
sdom2005,12005,Skater Boy 滑板少年,Avril Lavigne
sdom2004,12004,上帝派我來愛你,王錚亮
sdom2003,12003,Give a Little More,Maroon 5
sdom2002,12002,Blues,蕭敬騰
sdom2001,12001,我想我是瘋了,李勝基
sdom2000,12000,愛的抱抱,郭書瑤
sdom1999,11999,Green Light,Roll Depp
sdom1998,11998,One Life,No Angels
sdom1997,11997,The Catalyst,Linkin Park
sdom1996,11996,BEAUTIFUL HANGOVER,BigBang
sdom1995,11995,Can't Nobody,2NE1
sdom1994,11994,野蜂飛舞,勁樂
sdom1993,11993,零次元,Nao Paradigm
sdom1992,11992,Vivaldi in HipHop,勁樂
sdom1991,11991,幽靈盛典,勁樂
sdom1990,11990,V3,勁樂
sdom1989,11989,溫馨一刻,Hiro
sdom1988,11988,夢的預見,Brandy
sdom1987,11987,Supermario,勁樂
sdom1973,11973,任性,恰萌奇
sdom1972,11972,迷迷羊,恰萌奇
sdom1970,11970,要我的命,楊丞琳
sdom1969,11969,就在,張懸
sdom1967,11967,そばにいてあげる,林綾
sdom1966,11966,Lacrimosa,華麗菲娜
sdom1964,11964,RPG,恰萌奇
sdom1963,11963,單程車票,恰萌奇
sdom1956,11956,WOW,蕭亞軒
sdom1955,11955,習慣就好,羅志祥
sdom1954,11954,不愛請閃開,蕭亞軒
sdom1953,11953,愛的主題秀,羅志祥
sdom1952,11952,Happy Loving,王心凌
sdom1951,11951,閃閃惹人愛,蕭亞軒
sdom1950,11950,雨愛,楊丞琳
sdom1949,11949,羅生門,羅志祥
sdom1948,11948,心電心,王心凌
sdom1947,11947,有膽你就來,張惠妹
sdom1946,11946,給我你的手,弦子
sdom1945,11945,Grab Bag,西野カナ
sdom1944,11944,Cabi Song,少女時代、2PM
sdom1943,11943,Smile Boy,李勝基、金妍兒
sdom1942,11942,Bad Apple,Minoshima
sdom1941,11941,Push Push,SISTAR
sdom1940,11940,Rumble Fish,Toxic
sdom1939,11939,IU,守護
sdom1938,11938,Because Of You,Gummy
sdom1937,11937,愛情病,Dream Girls
sdom1936,11936,仆のYELL,AKB48
sdom1935,11935,ポニーテールとシュシュ,AKB48
sdom1934,11934,WOW,萧亚軒
sdom1933,11933,習慣就好,羅志祥
sdom1932,11932,不愛請閃開,蕭亞軒
sdom1931,11931,愛的主場秀,羅志祥
sdom1930,11930,Happy Loving,王心凌
sdom1929,11929,閃閃惹人愛,蕭亞軒
sdom1928,11928,雨愛,楊丞琳
sdom1927,11927,羅生門,羅志祥
sdom1926,11926,心電心,王心凌
sdom1925,11925,好膽你就來,張惠妹
sdom1924,11924,BANG!,After School
sdom1923,11923,GEE,少女時代
sdom1922,11922,Run Devil Run,少女時代
sdom1921,11921,Different Tears,Wonder Girls
sdom1920,11920,The Way You Do Me,JOJO
sdom1919,11919,One More Time,Jewelry
sdom1918,11918,heymrbig,Jazzhiphop
sdom1917,11917,Chu,fx
sdom1916,11916,crazy woman,seeya davichi
sdom1915,11915,もっと君と,申彗星
sdom1914,11914,Stick Wit U,少女時代
sdom1908,11908,Good Bye,Wonder Girls
sdom1907,11907,Happy Cooking,super junior
sdom1906,11906,Juliette,SHINee
sdom1905,11905,SHERO,S.H.E
sdom1904,11904,Run,Epik High
sdom1903,11903,Supermassive Black hole,Muse
sdom1902,11902,Dream Again,move
sdom1901,11901,one more time,i13
sdom1900,11900,Paradise,Da Buzz
sdom1899,11899,Wacko,Belinda peregrín schull
sdom1898,11898,テクノキャット,Becky
sdom1897,11897,RIVER,AKB48
sdom1896,11896,首班車,superjunior t
sdom1895,11895,Magic,Brown Eyed Girls
sdom1894,11894,DA DA BUL,Aurora
sdom1892,11892,運命のルーレット廻して,ZARD
sdom1891,11891,MJ串燒,michael_jackson
sdom1890,11890,dangerous,michael_jackson
sdom1889,11889,smooth_criminal,michael_jackson
sdom1888,11888,beat_it,michael_jackson
sdom1887,11887,billie_jean,michael_jackson
sdom1886,11886,海賊王,COLOR
sdom1885,11885,Hey!,蔡旻佑
sdom1884,11884,白色謊言,戴愛玲
sdom1883,11883,小乖乖,蔡旻佑
sdom1882,11882,光速青春,COLOR
sdom1881,11881,鑽石糖,蕭亞軒
sdom1880,11880,我的寶貝,蔡旻佑
sdom1879,11879,暖氣系,盧學叡
sdom1878,11878,可不可以愛我,盧學叡
sdom1877,11877,Rock'n Roll Crazy,Richard Myhill
sdom1876,11876,只為愛上你,S.H.E
sdom1875,11875,Sign,Brown Eyed Girls
sdom1874,11874,Break Down,我不管家族
sdom1873,11873,因為你笑了,原來我不帥
sdom1872,11872,My Color,2PM
sdom1871,11871,第四十號交響,Donovanlee
sdom1870,11870,致她,2AM
sdom1869,11869,銀河鐵道999,放浪兄弟
sdom1868,11868,靠近,Brown Eyed Girls
sdom1867,11867,不懂ing,2AM
sdom1866,11866,擁抱我小姐,山下智久
sdom1865,11865,君がいない未来,大無限樂團
sdom1864,11864,Back to the day,相川七瀨
sdom1863,11863,PRIDE,High And Mighty Color
sdom1862,11862,Earthquake,Little Boots
sdom1861,11861,經驗值upup,南家三姐妹
sdom1860,11860,Troublemaker,嵐
sdom1859,11859,Poker Face,Lady GaGa
sdom1858,11858,気まぐれプリンセス,早安少女組
sdom1857,11857,月下香,妖精帝國
sdom1856,11856,泣いちゃうかも,早安少女組
sdom1855,11855,Wahrheit,妖精帝國
sdom1854,11854,oh!,少女時代
sdom1853,11853,I don't care,2NE1
sdom1852,11852,Every Heart,寶兒
sdom1851,11851,tell me,wonder girls
sdom1850,11850,Falling U,Tiara
sdom1849,11849,ttl time to love,T-ara & Supernova
sdom1848,11848,super girl,superjunior
sdom1847,11847,Crazy4s,2PM
sdom1846,11846,I'm So Sorry,我不管家族
sdom1844,11844,One Love,Super Junior 銀赫 KRY
sdom1843,11843,Strong Baby,BigBang
sdom1841,11841,kiss,2ne1
sdom1839,11839,甩蔥歌,初音未來
sdom1838,11838,PRIDE OF GLORY,水樹奈奈
sdom1837,11837,"Oh, Yes!",高耀太
sdom1836,11836,Apple Is A,Tiara
sdom1835,11835,Not Your Girl,Rainbow
sdom1834,11834,Love Attack,IU
sdom1833,11833,BingBingBing,F.T.Island
sdom1830,11830,Happy Loving,王心凌
sdom1828,11828,你的愛,Tiara
sdom1827,11827,Bo Peep Bo Peep,Tiara
sdom1820,11820,Crazy,Beast
sdom1817,11817,Dreams Come True,4minute
sdom1815,11815,看得最遠地方,張韶涵
sdom1811,11811,Kizuna,Orange Range
sdom1810,11810,Ishindenshin,Orange Range
sdom1809,11809,Asterisk,Orange Range
sdom1808,11808,Shanghai Honey,Orange Range
sdom1806,11806,Walking Through the Rain,百代著作權
sdom1805,11805,Force of Nature,百代著作權
sdom1804,11804,Smart Bomb,百代著作權
sdom1803,11803,Little Melody,百代著作權
sdom1802,11802,讓我愛你,周瑜民&徐熙媛
sdom1801,11801,Sweet Christmas,李賢智
sdom1800,11800,強烈的你,Run
sdom1799,11799,你很美,Run
sdom1798,11798,熱情的時代,Hint
sdom1797,11797,Jingle Jingle Bells,Bless
sdom1796,11796,R2Song,皇甫
sdom1795,11795,搖擺,蔡妍
sdom1794,11794,I love you,拜託小姐
sdom1793,11793,The show,Lenka
sdom1792,11792,hot stuff,davichi
sdom1791,11791,All I Ever Wanted,Basshunter
sdom1790,11790,Honey Honey,Bada
sdom1789,11789,StraightThroighMyHeart,backstreet boys
sdom1788,11788,again&again,2PM
sdom1787,11787,我不懂,Kara
sdom1786,11786,Wanna,Kara
sdom1785,11785,Hot Issue,4minute
sdom1784,11784,奢望,FT Island
sdom1783,11783,加減公式,Flying Girls
sdom1782,11782,Hey  Mr,Dream Girls
sdom1781,11781,Bad Girl,Devil Angel
sdom1780,11780,Amoled,DamBi
sdom1779,11779,Glam Girl,Brown Eyed Girls
sdom1778,11778,Abracadabra,Brown Eyed Girls
sdom1777,11777,Suga Luv,Bizniz
sdom1776,11776,去吧去吧,Bigbang
sdom1775,11775,So Beautiful,Bigbang
sdom1774,11774,the boy does nothing,alesha dixon
sdom1773,11773,troublemaker,Akon
sdom1772,11772,Keep You Much Longer,Akon
sdom1771,11771,Through My Window,Bunkface
sdom1770,11770,Toontime,證聲
sdom1769,11769,What Makes the World Go Round,證聲
sdom1768,11768,The Beauty Inside,證聲
sdom1767,11767,Gravedigger,證聲
sdom1766,11766,Let Yourself Go,證聲
sdom1765,11765,Destination Z3,火楓紅葉
sdom1764,11764,傻得可以,范瑋琪
sdom1763,11763,想知道現在你好不好,范瑋琪
sdom1762,11762,1到10＝我和你,范瑋琪
sdom1761,11761,Supermarket 超級市場,曹格
sdom1760,11760,Skin On Skin,U.Franke&A.Breitschaft
sdom1759,11759,和你一起,許茹芸
sdom1758,11758,一有愛就走吧,許茹芸
sdom1757,11757,愛上這世界,周瑜民
sdom1756,11756,Rally,Jewelry
sdom1755,11755,the boy i used to know,Marie Serneholt
sdom1754,11754,Indian Boy,MC 夢
sdom1753,11753,LUV D.N.A,MC 夢
sdom1752,11752,The Couple,One Love
sdom1751,11751,Because of you,Winds
sdom1750,11750,Hot N' Cold,凱蒂派瑞
sdom1749,11749,Style News,閔孝琳
sdom1748,11748,新窩,飛輪海
sdom1747,11747,準備開始,T-Max
sdom1746,11746,stand by me,shinee
sdom1745,11745,一起玩吧,RooRa
sdom1744,11744,Gloria,PK Heman
sdom1743,11743,星光閃耀的夜晚,OneTwo
sdom1742,11742,白馬王子,Kara
sdom1741,11741,加減公式,Flying Girls
sdom1740,11740,Etude,少女時代
sdom1739,11739,說出願望吧,少女時代
sdom1738,11738,Suga Luv,Bizniz
sdom1737,11737,So What,粉紅佳人
sdom1736,11736,DNA,王力宏
sdom1735,11735,你要走了嗎,我不管家族
sdom1734,11734,被吸引了,我不管家族
sdom1733,11733,小情歌,蘇打綠
sdom1732,11732,你的歌,陶吉吉
sdom1731,11731,連哭都是我的錯,東來東往
sdom1730,11730,花蝴蝶,蔡依林
sdom1729,11729,無重力,潘偉柏
sdom1728,11728,當你想著我,品冠
sdom1727,11727,王妃,蕭敬滕
sdom1726,11726,我會很愛你,言承旭
sdom1725,11725,法克這個人,蕭閎仁
sdom1724,11724,相愛後動物感傷,張惠妹
sdom1723,11723,我是傳奇,棒棒堂
sdom1722,11722,一切為了愛,品冠
sdom1721,11721,戀愛絕句選,黃雅莉
sdom1720,11720,在樹上唱歌,郭靜
sdom1719,11719,把心拉近,吳克群
sdom1718,11718,放開你的頭腦,溫嵐
sdom1717,11717,城市,張懸
sdom1716,11716,Beautiful woman,張懸
sdom1715,11715,第89鍵,蕭閎仁
sdom1714,11714,feat. Speed Motion,秀彬
sdom1713,11713,舞林盟主,戴雪兒
sdom1712,11712,只知道愛,我不管家族
sdom1711,11711,雙人舞,潘偉柏
sdom1710,11710,親愛的,潘偉柏
sdom1709,11709,你是我的,李貞賢
sdom1708,11708,Vogue Girl,李貞賢
sdom1707,11707,看了又看,金鐘旭
sdom1706,11706,I Like Choco,金正恩
sdom1705,11705,真的嗎,高耀太
sdom1704,11704,夏娃的警告,高耀太
sdom1703,11703,記憶與回憶,金泰宇
sdom1702,11702,funrun,胡彥斌
sdom1701,11701,Feat.Maboos,韓尤娜
sdom1700,11700,更愛你,高耀太
sdom1699,11699,Nonsense,高耀太
sdom1698,11698,Go Go,高耀太
sdom1697,11697,墜入愛河,殆死悲愛
sdom1696,11696,魔法般的愛,殆死悲愛
sdom1695,11695,愛極限,許慧欣
sdom1694,11694,Bye Bye,TaeGoon
sdom1693,11693,就是你,SuperJunior
sdom1692,11692,Play,SS501
sdom1691,11691,Bye Bye,ShinGun
sdom1690,11690,Shake You Boby,Navid
sdom1689,11689,魅力人生,Miss Joo
sdom1688,11688,傻瓜一樣,JunJin
sdom1687,11687,Dream Girl,AfterSchool
sdom1686,11686,Diva,After School
sdom1685,11685,Fire,2NE1
sdom1684,11684,痞子和英雄,鄒承恩
sdom1683,11683,破天荒,張芸京
sdom1682,11682,哪裡怕,棒棒堂
sdom1681,11681,我們之間,棒棒堂
sdom1680,11680,夏日初體驗,棒棒堂
sdom1679,11679,天色,中川翔子
sdom1678,11678,小姐，請你給我愛,橘子新樂園
sdom1677,11677,愛的大行進,橘子新樂園
sdom1676,11676,Hana 花,橘子新樂園
sdom1675,11675,太陽無用,橘子新樂園
sdom1662,11662,Road Movie,證聲
sdom1661,11661,My Generation,證聲
sdom1660,11660,鐵人,CoLoR
sdom1659,11659,Perfect Stranger,痞克四 自從+鄒承恩
sdom1658,11658,無賴正義,CoLoR+趙又廷
sdom1657,11657,終極三國,曾沛慈+東城衛
sdom1656,11656,對手,強辯樂團+武虎將+東城衛
sdom1655,11655,大聲唱,強辯樂團
sdom1654,11654,Don't go away,by2
sdom1653,11653,好好愛^O^(甜蜜真實版),by2
sdom1652,11652,買買買,by2
sdom1651,11651,DNA,by2
sdom1650,11650,怪怪女,青鳥飛魚
sdom1649,11649,舞棍,青鳥飛魚
sdom1648,11648,情流感,盧學睿
sdom1647,11647,Fresh DAB,證聲
sdom1646,11646,THE GAME IS OVER,證聲
sdom1645,11645,Wrap Your Arms,證聲
sdom1644,11644,Wink Wink,證聲
sdom1643,11643,Point of no return,證聲
sdom1642,11642,ONLIE,證聲
sdom1641,11641,SKATE PUNK,證聲
sdom1640,11640,LOVERS,證聲
sdom1639,11639,Yeah Yeah Yeah,證聲
sdom1638,11638,One Day,柯有綸
sdom1637,11637,玩偶,王力宏
sdom1636,11636,愛靈靈,戴愛玲
sdom1635,11635,沒有如果,梁靜茹
sdom1634,11634,抓狂,五月天
sdom1633,11633,私奔到月球,五月天+陳綺貞
sdom1632,11632,"SORRY, SORRY",Super Junior
sdom1631,11631,心痛,7 Size
sdom1630,11630,DNA,by2
sdom1629,11629,非常好,劉彩英
sdom1628,11628,怪怪女,青鳥飛魚
sdom1627,11627,Why I like you,Super Junior
sdom1626,11626,第二晚,M.H.IS
sdom1625,11625,Just Dance,Lady GaGa
sdom1624,11624,After School,AH
sdom1623,11623,Survivor,東方神起
sdom1622,11622,我的愛情羅曼史,我不管家族
sdom1621,11621,別打電話,我不管家族
sdom1620,11620,星期六的晚上,孫丹菲
sdom1619,11619,如果沒有,梁靜茹
sdom1618,11618,厭倦,裴澀琪
sdom1617,11617,PARTY TONIGHT,金錫民
sdom1616,11616,My Love Song,金錫民
sdom1615,11615,櫻花開了,江語晨
sdom1614,11614,不眠症,輝星
sdom1613,11613,PlayBoy,Yipani
sdom1612,11612,I Kissed A Girl,Katy Perry
sdom1611,11611,Hot N Cold,Katy Perry
sdom1610,11610,The Fear(沒在怕)(Explicit版本),Lily Allen
sdom1609,11609,F**k You(Clean版本),Lily Allen三小
sdom1608,11608,伊甸園,拾參樂團
sdom1607,11607,教練之歌,教練+DJ三小
sdom1606,11606,找一個新世界,蕫事長&DJ紅龜
sdom1605,11605,今天你要嫁給我,蔡依林
sdom1604,11604,冷暴力,蔡依林
sdom1603,11603,愛無赦,蔡依林
sdom1602,11602,乖乖牌,蔡依林&黃立行
sdom1601,11601,耍大牌,蔡依林
sdom1600,11600,VIVI,天原神音
sdom1599,11599,Cheryl Deux,天原神音
sdom1598,11598,Unreal Angel,神尾奈奈
sdom1597,11597,NANANA,吳克群+王心凌
sdom1596,11596,西班牙狂想曲,黃湘怡
sdom1595,11595,騎士精神,蔡依林
sdom1594,11594,海盜,蔡依林
sdom1593,11593,媽媽,吳建豪
sdom1592,11592,VIDEO TEK,證聲
sdom1591,11591,TECHNIC,證聲
sdom1590,11590,SUPER FUN,證聲
sdom1589,11589,SPEED AND POWER,證聲
sdom1588,11588,NEW WORLD SYMPHONY,證聲
sdom1587,11587,LET'S GO PARTY,證聲
sdom1586,11586,COMPOSITEUR,證聲
sdom1585,11585,HEATSEEKERS,證聲
sdom1584,11584,FUNKY BLOCK,證聲
sdom1583,11583,BUBBLE DANCE,證聲
sdom1582,11582,Fantastic Girl,Yipani
sdom1581,11581,U R Man,SS501
sdom1580,11580,NANANA,王心凌+吳克群
sdom1579,11579,Super Man,Mario
sdom1578,11578,Trouble Is a Friend,Lenka
sdom1577,11577,Honey,Kara
sdom1576,11576,My Style,BrownEyedGirls
sdom1575,11575,Lollipop,Bigbang
sdom1574,11574,大声ダイヤモンド,AKB48
sdom1573,11573,青蛙不是王子,1983
sdom1572,11572,只有你,高耀太
sdom1571,11571,Baby Baby,ZaZa
sdom1570,11570,Amigo,SHINee
sdom1569,11569,Yes,Jumper
sdom1568,11568,你在我心中,Eugene
sdom1567,11567,Number 1,Bigbang
sdom1566,11566,The Prince of Darkness,玩家原創
sdom1565,11565,Mendes,玩家原創
sdom1564,11564,夢幻奇緣,袁成傑
sdom1563,11563,リズム,青山黛瑪
sdom1562,11562,快樂英雄,潘瑋柏
sdom1561,11561,我的主題曲,江語晨
sdom1560,11560,MOLA,News
sdom1559,11559,Nobody's Perfect,Hannah Montana
sdom1558,11558,幸福條件,GIRL NEXT DOOR
sdom1557,11557,華爛漫 -Flowers-,TERRA
sdom1556,11556,MASURAO,DJ OZMA
sdom1555,11555,嘆息之樹,玩家原創
sdom1554,11554,Second Heaven,玩家原創
sdom1553,11553,J219,玩家原創
sdom1552,11552,Anisakis,玩家原創
sdom1551,11551,So What,周定緯
sdom1550,11550,Eyes Say,林永俊
sdom1549,11549,國王皇后,大嘴巴
sdom1548,11548,宇宙小姐,S.H.E
sdom1547,11547,GHOST REVIVAL,玩家原創
sdom1546,11546,街道,林俊杰
sdom1545,11545,PP別黏在椅上,by2
sdom1534,11534,high and mighty color,amazing
sdom1533,11533,Winter Buttery,Foxxi misQ
sdom1531,11531,拿手絕活,羅志祥
sdom1530,11530,撐腰,羅志祥
sdom1529,11529,箇中強手,羅志祥
sdom1528,11528,搖滾怎麼了,王力宏
sdom1527,11527,小心眼,大嘴巴
sdom1526,11526,Da Now一場,大嘴巴
sdom1525,11525,Lovefool,蔡依林
sdom1524,11524,Lady Marmalade,蔡依林
sdom1523,11523,Kiss Me,蔡依林
sdom1522,11522,Disturbia,Rihanna蕾哈娜
sdom1521,11521,When I Grow Up,小野貓
sdom1520,11520,我是你的誰,黃立行
sdom1519,11519,想念聖誕節,蕭亞軒
sdom1518,11518,男傭,吳克群
sdom1517,11517,殺手,林俊傑
sdom1516,11516,湘南海鷗,南拳媽媽
sdom1515,11515,夜訪吸血鬼,五月天
sdom1514,11514,出頭天,五月天
sdom1513,11513,Closer,尼歐
sdom1512,11512,你是壞人,楊丞琳
sdom1503,11503,You are not alone,周定緯
sdom1502,11502,Always Online,林俊傑
sdom1501,11501,感覺特別,胡彥斌
sdom1499,11499,愛的城堡,卓文萱
sdom1498,11498,不說,卓文萱
sdom1497,11497,獨家快樂,卓文萱
sdom1496,11496,超級喜歡,卓文萱
sdom1493,11493,滿滿的都是愛,梁靜茹
sdom1492,11492,不敗的戀人,徐若瑄
sdom1491,11491,幸福的節拍,楊丞琳
sdom1490,11490,愛我請shut up,楊丞琳
sdom1489,11489,半熟宣言,楊丞琳
sdom1488,11488,太煩惱,楊丞琳
sdom1487,11487,自由REMIX,李心潔
sdom1486,11486,笑忘歌,五月天
sdom1485,11485,春天的吶喊,五月天
sdom1484,11484,生存以上生活以下,五月天
sdom1483,11483,噢買尬,五月天
sdom1482,11482,爆肝,五月天
sdom1480,11480,The Kinslayer,Nightwish
sdom1479,11479,TABO0,幸田來未
sdom1477,11477,WHATEVER,濱崎步
sdom1474,11474,untouched,The Veronicas
sdom1473,11473,Happy Birthday,NEWS
sdom1472,11472,討厭,G-Zone
sdom1471,11471,間隔,G-Zone
sdom1470,11470,偶然の確率,GIRL NEXT DOOR
sdom1469,11469,藏經閣,棒棒堂
sdom1468,11468,乂,陳嘉唯
sdom1467,11467,愛的奇蹟,陳嘉唯
sdom1466,11466,RUN,朱婧
sdom1465,11465,香草天空,關煒棠
sdom1464,11464,是什麼音樂讓你覺得舒服,J.WU feat HotDog&大支
sdom1463,11463,大暴走,Color彩色拼塗
sdom1462,11462,愛上愛,非同小可
sdom1461,11461,不潮不用花錢,林俊傑
sdom1460,11460,街道,林俊傑
sdom1459,11459,主角,林俊傑&MACHI
sdom1458,11458,小酒窩,林俊傑&阿Sa
sdom1446,11446,愛情和戰爭,Davichi
sdom1445,11445,The Heavens Remix,玩家原創
sdom1442,11442,我愛你,徐智英
sdom1441,11441,太陽昇起的那天,申智
sdom1440,11440,愛情男女,我不管家族
sdom1439,11439,Hung Up,Madonna
sdom1438,11438,夏日的請求,OH SONG
sdom1437,11437,辛德瑞拉,徐仁英
sdom1436,11436,我的愛,殆死悲愛
sdom1435,11435,U-Go-Girl,李孝利
sdom1434,11434,She The One,V
sdom1433,11433,沒關係,SSEN
sdom1432,11432,除了愛情我什麼都不懂,Sunny Hill
sdom1431,11431,Romi,Change
sdom1430,11430,Walk-My Love,J
sdom1429,11429,每天每天,Bigbang
sdom1428,11428,Oh My Friend,Bigbang
sdom1427,11427,Luv U,Battle
sdom1426,11426,DISCO,嚴正花
sdom1425,11425,伸展翅膀,烏龜
sdom1424,11424,SolBi,Doit Doit
sdom1423,11423,要走嗎,SeeYa
sdom1422,11422,CRAZY LOVE,東方神起
sdom1421,11421,沒關係,IU
sdom1420,11420,Moonlight Girl,玄英
sdom1419,11419,Every Sweet Day,IU
sdom1418,11418,Ready ot love,BEG
sdom1417,11417,Lady,BigBang
sdom1416,11416,橡皮筋,Sunny Hill
sdom1415,11415,happy go,甦醒
sdom1414,11414,We can do it,Shoko Nakagawa
sdom1413,11413,斷念,SARA
sdom1412,11412,Asereje,Las Ketchup
sdom1411,11411,怎麼辦,Brown Eyed Girls
sdom1410,11410,BRAND NEW WORLD,D-51
sdom1409,11409,天國,BigBang
sdom1408,11408,step by step,Ballte
sdom1401,11401,honey money,張惠春
sdom1400,11400,期待愛,林俊傑&金莎
sdom1399,11399,左邊,楊丞琳
sdom1398,11398,Friend Or Foe,T.A.T.U
sdom1397,11397,Don't Stop The Music,Rihanna
sdom1396,11396,許願池的希臘少女,蔡依林
sdom1395,11395,獨立,蜜雪薇琪
sdom1394,11394,Pump it,黑眼豆豆
sdom1393,11393,香草吧噗,南拳媽媽
sdom1392,11392,特務J,蔡依林
sdom1391,11391,Mr.Q(REMIX版),蔡依林
sdom1390,11390,讓讓,蔡依林
sdom1389,11389,我秀故我在,羅志祥
sdom1388,11388,敗給你,羅志祥
sdom1387,11387,SUPERMAN,倪子岡
sdom1386,11386,絕對無敵,倪子岡
sdom1385,11385,暫停戀愛,蕭亞軒
sdom1384,11384,Hey Girl,蕭亞軒
sdom1383,11383,More More More,蕭亞軒
sdom1382,11382,I'll be there,蕭亞軒
sdom1376,11376,A(10/24歌舞青春3:畢業季),歌舞青春
sdom1375,11375,T(10/24歌舞青春3:畢業季),歌舞青春
sdom1374,11374,N(10/24歌舞青春3:畢業季),歌舞青春
sdom1365,11365,今天晚上怎麼樣,Meilin
sdom1364,11364,離別公式,Yeon Seo
sdom1363,11363,Go!!,Rhymer
sdom1362,11362,Alright,Rhymer
sdom1361,11361,搖擺吧,Kil
sdom1360,11360,捉迷藏,MC夢
sdom1359,11359,Astraea,Hashimoto Miyuki
sdom1358,11358,在我之前,Enjel
sdom1357,11357,Don't You Worry,Bown Eyes
sdom1356,11356,With U,BIGBANG
sdom1355,11355,愛戀Remix,久游
sdom1354,11354,血淚Remix,久游
sdom1353,11353,地獄之門Remix,久游
sdom1352,11352,Love Dance,Super Kidd
sdom1351,11351,雜耍,MC夢
sdom1350,11350,Kil Gun,LMS
sdom1349,11349,DANCE DANCE,Cool
sdom1348,11348,Sol Flower,Baechigi
sdom1347,11347,Sexy,Babyvox
sdom1346,11346,"He Said, She Said",Ashley Tisdale
sdom1345,11345,臭皮匠,陳小春
sdom1344,11344,不在服務區,陳小春
sdom1343,11343,自我做主,陳小春
sdom1342,11342,回音,郭靜
sdom1341,11341,感冒,郭靜
sdom1340,11340,大玩笑,郭靜
sdom1339,11339,下一個天亮,郭靜
sdom1338,11338,放電,范瑋琪
sdom1337,11337,再聯絡,范瑋琪
sdom1336,11336,一顆心的距離,范瑋琪
sdom1335,11335,尋找茱麗葉,吳健豪
sdom1334,11334,自己的節奏,吳建豪
sdom1333,11333,Lucky Me,吳建豪
sdom1332,11332,我不是自己,吳建豪
sdom1331,11331,愛?,蔡旻佑
sdom1330,11330,台北21度C,蔡旻佑
sdom1329,11329,我要用一首Demo跟你告白,蔡旻佑
sdom1328,11328,希區考特作品152,蔡旻佑
sdom1327,11327,阿姆斯壯,蔡旻佑
sdom1326,11326,我回來了,蔡旻佑
sdom1310,11310,全都噓聲,Jewelry
sdom1309,11309,瘋了,MC夢
sdom1308,11308,NoNoNo,PK Heman
sdom1307,11307,Lucky,Wax
sdom1306,11306,Bad Boy,孫丹菲
sdom1305,11305,普派進行曲Remix,久游
sdom1304,11304,Kiss Me,H Eugene
sdom1303,11303,哥哥的心,Ez-Life
sdom1302,11302,Adrenaline,Buga Kingz
sdom1301,11301,Kiss Me,As One
sdom1300,11300,1-1234 Back,A star
sdom1299,11299,卡農Remix,久游
sdom1298,11298,穿越時空的愛戀,玩家原創
sdom1297,11297,不相信,聽Me
sdom1296,11296,Super Star,超新星
sdom1295,11295,RUN,神話
sdom1294,11294,night of fire,玩家原創
sdom1293,11293,Selfish Love,LEXY
sdom1292,11292,Ma People,LEXY
sdom1291,11291,Zza Zza La,As one
sdom1290,11290,CRAZY GONNA CRAZY,T.R.F
sdom1289,11289,magic,MEG
sdom1288,11288,DANDAAN,KREVA
sdom1287,11287,Show time,twenty
sdom1286,11286,For no one,9U
sdom1285,11285,happy happy,宋寶蘭
sdom1284,11284,都会っ子 纯情,℃-ute
sdom1283,11283,致命病毒Remix,久游
sdom1282,11282,ダーリン I LOVE YOU,Berryz工房
sdom1281,11281,Blood on Fire,Aaa
sdom1280,11280,好心情,李玟
sdom1279,11279,冥想愛,李玟
sdom1278,11278,Do you want my love,李玟
sdom1277,11277,撒哈拉冰室,李玟
sdom1276,11276,No Doubt,李玟
sdom1275,11275,刀馬旦,李玟
sdom1274,11274,U + Ur Hand,Pink
sdom1273,11273,Crazy in Love,Beyonce
sdom1272,11272,Hound Dog,Elvis Presley
sdom1271,11271,Survivor,Destiny's Child
sdom1270,11270,孤單芭蕾,許慧欣
sdom1269,11269,誰是MVP,潘瑋柏
sdom1268,11268,119,大嘴巴
sdom1267,11267,大嘴巴,大嘴巴
sdom1266,11266,我就是喜歡你,大嘴巴
sdom1265,11265,Step On The Beat,大嘴巴
sdom1264,11264,結果咧,大嘴巴
sdom1263,11263,Get You Back,大嘴巴
sdom1262,11262,Sway,The Pussycat Dolls
sdom1261,11261,愛上未來的你,潘瑋柏
sdom1260,11260,PK賽,戴愛玲
sdom1259,11259,愛自己,戴愛玲
sdom1258,11258,愛的勇氣,賴雅妍
sdom1257,11257,快樂的人請舉手,彭佳慧
sdom1256,11256,敲敲我的頭,彭佳慧
sdom1255,11255,愛的就是你,王力宏
sdom1254,11254,愛你喲,楊家成&小雅
sdom1253,11253,就是你,范瑋琪
sdom1252,11252,靠近一點點,Lara
sdom1251,11251,初戀粉色系,南拳媽媽
sdom1250,11250,我要的世界,王傅一
sdom1249,11249,臭男人,黃義達
sdom1248,11248,因為你笑了,DR.MOON
sdom1247,11247,快點來愛我,李玖哲
sdom1246,11246,不愛拉倒,胡靈
sdom1245,11245,動,吳克群
sdom1244,11244,音樂讓我說,吳克群
sdom1243,11243,什麼東西,吳克群
sdom1242,11242,情人節,吳克群
sdom1241,11241,為你寫詩,吳克群
sdom1238,11238,四季Remix,久游
sdom1237,11237,MonStAR,平野綾
sdom1236,11236,狂潮Remix,久游
sdom1235,11235,為你唱的歌,SS501
sdom1234,11234,God Know,平野綾
sdom1233,11233,Turbo,黑貓
sdom1232,11232,STAY,STAY
sdom1231,11231,Deja Vu,玩家原創
sdom1230,11230,警報Remix,久游
sdom1229,11229,BadX,Techno Sensation
sdom1228,11228,SAS,玩家原創
sdom1227,11227,crash,matt willis
sdom1226,11226,天空Remix,久游
sdom1225,11225,舞以倫比Remix,久游
sdom1224,11224,自殺Remix,久游
sdom1223,11223,Onoken,玩家原創
sdom1222,11222,black dragon,玩家原創
sdom1221,11221,Through the Fire and Flames,玩家原創
sdom1220,11220,Gravitation,玩家原創
sdom1219,11219,永恆Remix,久游
sdom1216,11216,Wrong When You're Gone,Jennifer Lopez
sdom1215,11215,Be Mine,Jennifer Lopez
sdom1214,11214,I Need Love,Jennifer Lopez
sdom1213,11213,Gotta Be There,Jennifer Lopez
sdom1212,11212,Hold It Don't Drop It,Jennifer Lopez
sdom1211,11211,Brave,Jennifer Lopez
sdom1210,11210,Do it well,Jennifer Lopez
sdom1209,11209,Any Other Way,Backstreet Boys
sdom1208,11208,Everything But Mine,Backstreet Boys
sdom1207,11207,Panic,Backstreet Boys
sdom1206,11206,As Long As You Love Me,Backstreet Boys
sdom1205,11205,Everybody,Backstreet Boys
sdom1204,11204,Perfect Lover,Britney Spears
sdom1203,11203,Ooh Ooh Baby,Britney Spears
sdom1202,11202,Hot as Ice,Britney Spears
sdom1201,11201,Toy Soldier,Britney Spears
sdom1200,11200,Freakshow,Britney Spears
sdom1199,11199,En Tus Pupilas,Shakira
sdom1198,11198,Cross,鹹素媛
sdom1197,11197,危險的演出,蔡妍
sdom1196,11196,亂世巨星,陳小春
sdom1195,11195,Express,XING-T
sdom1194,11194,傻瓜,seeya
sdom1193,11193,Don't Stop The Music,Rihana
sdom1192,11192,努力吧,Riaa
sdom1191,11191,新世界Remix,久游
sdom1190,11190,weeeek,news
sdom1189,11189,It's Ok,Dj Maxwell
sdom1188,11188,I Love You,Eight
sdom1187,11187,周大俠,周杰倫
sdom1186,11186,L.U.V,Eugene
sdom1185,11185,動,吳克群
sdom1184,11184,Black Engine,張根錫
sdom1183,11183,便宜點吧,烏龜
sdom1182,11182,Sing lala,烏龜
sdom1181,11181,My Name,烏龜
sdom1180,11180,H-Eugene vs MC 夢,H-Eugene
sdom1179,11179,I Love You,Mighty Mouse
sdom1178,11178,媽媽咪呀,嘜阿喜
sdom1177,11177,Fast Food Song,9YOU
sdom1176,11176,i like that,Namolla Family
sdom1175,11175,Melody,Tony An
sdom1174,11174,abracadabra,tiggy
sdom1173,11173,Reason,玉置成實
sdom1172,11172,La Papa Pingouin,嘜阿喜
sdom1171,11171,The Cradle Song,Jewelry
sdom1170,11170,Love,Brown Eyed Girls
sdom1169,11169,Fortune,玉置成實
sdom1168,11168,Black Trinity,天原神音
sdom1167,11167,boys and girls,頭號人物
sdom1166,11166,One of Those Girls,Avril Lavigne
sdom1165,11165,小豬搞笑秀,証聲
sdom1164,11164,貓言貓語,証聲
sdom1163,11163,魔法小兔兔,証聲
sdom1162,11162,狐狸的派對,証聲
sdom1161,11161,熊貓蹦蹦跳,証聲
sdom1160,11160,淘氣小浣熊,証聲
sdom1159,11159,馬戲團猴子,証聲
sdom1158,11158,神犬水汪汪,証聲
sdom1157,11157,I Don't Have to Try,Avril Lavigne
sdom1156,11156,Get High,頭號人物
sdom1155,11155,日場夜場,莫文蔚
sdom1154,11154,VIP,頭號人物
sdom1153,11153,單眼皮,楊丞琳
sdom1152,11152,養我一輩子,川島茉樹代
sdom1151,11151,稍息立正站好,范曉萱
sdom1150,11150,小叮噹,范曉萱
sdom1149,11149,健康歌,范曉萱
sdom1137,11137,Radar,Britney Spears
sdom1136,11136,Contagious,Avril Lavigne
sdom1135,11135,H.O.T,Avril
sdom1134,11134,The Best Damn Thing,Avril Lavigne
sdom1133,11133,I can do better,Avril Lavigne
sdom1132,11132,Gimme More,Britney Spears
sdom1131,11131,Break the Ice,Britney Spears
sdom1130,11130,Lovestoned,Justin Timberlake
sdom1129,11129,My Love,Justin Timberlake
sdom1128,11128,SexyBack,Justin Timberlake
sdom1127,11127,Like I Love You,賈斯汀
sdom1126,11126,Lucky,Britney Spears
sdom1125,11125,Everytime,Britney Spears
sdom1124,11124,When You're Gone,Avril Lavigne
sdom1123,11123,don't tell me,Avril Lavigne
sdom1122,11122,my happy ending,Avril Lavigne
sdom1120,11120,I believe,Tata Young
sdom1119,11119,鬥牛要不要,TANK
sdom1118,11118,INVOKE,T.M.Revolution
sdom1117,11117,DREAMS,Romantic mode
sdom1116,11116,絲路,梁靜茹
sdom1115,11115,I Am The Best,2NE1
sdom1114,11114,Midnight,Beast
sdom1113,11113,Fanstatic Baby,Bigbang
sdom1112,11112,Monster,Bigbang
sdom1111,11111,Electric Shock,f(x)
sdom1106,11106,下雪的夜晚,神話
sdom1105,11105,月亮代表我的心裡有問題,三角COOL
sdom1099,11099,等待,高耀太
sdom1085,11085,最後的問候,Bigbang
sdom1084,11084,傻瓜,BigBang
sdom1083,11083,Crazy Dog,BigBang
sdom1071,11071,幸福氧氣,卓文萱
sdom1070,11070,just communication,TWO MAX
sdom1069,11069,彗星,允河
sdom1067,11067,一支獨秀,羅志祥
sdom1062,11062,PASIO,島谷
sdom1061,11061,當我們宅一塊,羅志祥
sdom1056,11056,觸電,芭比娃娃
sdom1050,11050,誰愛誰,張韶涵
sdom1049,11049,樂園,張韶涵
sdom1048,11048,頭號甜心,張韶涵
sdom1047,11047,不想懂得,張韶涵
sdom1046,11046,我戀愛了,張韶涵
sdom1045,11045,我愛黑澀會,黑澀會美眉
sdom1044,11044,我要愛的好,黑澀會美眉
sdom1043,11043,幸福的泡泡,黑澀會美眉
sdom1042,11042,范范之輩,范瑋琪
sdom1041,11041,黑暗面,范瑋琪
sdom1040,11040,哲學家,范瑋琪
sdom1039,11039,仨人,郭靜&張韶涵&范瑋琪
sdom1038,11038,俄羅斯戀人,証聲
sdom1036,11036,鬥琴,証聲
sdom1035,11035,女神變奏曲,証聲
sdom1034,11034,小貓咪圓舞曲,証聲
sdom1033,11033,搗蛋天使,証聲
sdom1032,11032,蛻變,証聲
sdom1031,11031,漫步在雲端,証聲
sdom1023,11023,去吧愛,張慧珍
sdom1017,11017,玩酷,潘瑋柏
sdom1010,11010,淘氣女孩,裴澀琪
sdom1005,11005,來過倒,Super Junior
sdom1002,11002,日之夏,GOLF MIKE
sdom1000,11000,謊言,BigBang
sdom0998,10998,聖少女領域,ALI PROJECT
sdom0997,10997,Everything Back But You,Avril Lavigne
sdom0996,10996,有沒有像我這樣的人,Super Junior
sdom0987,10987,窮開心,花兒樂團
sdom0985,10985,牛仔很忙,周杰倫
sdom0984,10984,月牙灣,飛兒樂團
sdom0982,10982,日不落,蔡依林
sdom0975,10975,危險天使,陳崴
sdom0974,10974,Waiting for me,李玟
sdom0973,10973,完美比例,楊丞琳
sdom0972,10972,第二個自己,楊丞琳
sdom0971,10971,缺氧,楊丞琳
sdom0970,10970,任意門,楊丞琳
sdom0969,10969,愛的鼓動,王力宏
sdom0968,10968,你是我心內的一首歌,王力宏
sdom0967,10967,我們的歌,王力宏
sdom0966,10966,迦南美地,劉耕宏
sdom0965,10965,甜蜜柏拉圖,劉耕宏
sdom0964,10964,江南,林俊傑
sdom0963,10963,小手拉大手,梁靜茹
sdom0962,10962,雪絨花,金莎
sdom0961,10961,亞森羅蘋,金莎
sdom0960,10960,簡簡單單,林俊傑
sdom0959,10959,豆漿油條,林俊傑
sdom0958,10958,就是愛,蔡依林
sdom0957,10957,說愛你,蔡依林
sdom0956,10956,愛情36計,蔡依林
sdom0945,10945,進化論,林俊傑
sdom0944,10944,WU LA LA,金莎
sdom0943,10943,Came Alone,証聲
sdom0942,10942,Droid Mix,証聲
sdom0941,10941,Destroyer Model,証聲
sdom0940,10940,Ocean Dream 3,証聲
sdom0939,10939,KEYWORDS,証聲
sdom0938,10938,Without you,証聲
sdom0937,10937,In Belize,証聲
sdom0936,10936,Snowman,証聲
sdom0935,10935,Dance Prince,証聲
sdom0934,10934,Stars Above,証聲
sdom0933,10933,Das Happy tune,証聲
sdom0932,10932,Eurospeed,証聲
sdom0931,10931,DJ KID,証聲
sdom0930,10930,Happy DJ,証聲
sdom0929,10929,Move your body,証聲
sdom0928,10928,Look for love,証聲
sdom0927,10927,Round House,証聲
sdom0926,10926,Generic,証聲
sdom0925,10925,愛在哪裡,王力宏
sdom0924,10924,不完整的旋律,王力宏
sdom0923,10923,Cockney Girl,王力宏
sdom0922,10922,落葉歸根,王力宏
sdom0920,10920,Never Let You Go,吳建豪
sdom0919,10919,幻想這愛,吳建豪
sdom0918,10918,零時差,吳建豪
sdom0917,10917,Friday Night,吳建豪
sdom0916,10916,Just One Dance,吳建豪
sdom0915,10915,我的王國,吳建豪
sdom0914,10914,I Miss You,柯有綸
sdom0913,10913,welcome to my world,柯有綸
sdom0912,10912,黃皮膚,柯有綸
sdom0911,10911,天使戰將,劉耕宏
sdom0910,10910,碎碎念,劉耕宏
sdom0909,10909,壞朋友,劉耕宏
sdom0908,10908,編號89757,林俊傑
sdom0907,10907,第二天堂,林俊傑
sdom0906,10906,無人島,李玟
sdom0897,10897,Runaway,Avril Lavigne
sdom0896,10896,離開地球表面,五月天
sdom0894,10894,改變自己,王力宏
sdom0887,10887,中國話,S.H.E
sdom0882,10882,Baby Cat,李孝利
sdom0837,10837,Watch the trap！Yes Sir,5566
sdom0836,10836,看著我,易吉綱
sdom0835,10835,將你遺忘,易吉綱
sdom0834,10834,迷迭香,周杰倫
sdom0833,10833,千里之外,周杰倫
sdom0832,10832,一路向北,周杰倫
sdom0831,10831,飄移,周杰倫
sdom0830,10830,珊瑚海,周杰倫
sdom0829,10829,浪漫手機,周杰倫
sdom0828,10828,四面楚歌,周杰倫
sdom0827,10827,七里香,周杰倫
sdom0826,10826,東風破,周杰倫
sdom0825,10825,三年二班,周杰倫
sdom0824,10824,爺爺泡的茶,周杰倫
sdom0823,10823,雙節棍,周杰倫
sdom0822,10822,威廉古堡,周杰倫
sdom0821,10821,爸我回來了,周杰倫
sdom0820,10820,愛在西元前,周杰倫
sdom0819,10819,鬥牛,周杰倫
sdom0736,10736,人來瘋,溫嵐
sdom0735,10735,一代公主,施文彬
sdom0734,10734,你老母卡好,康晉榮
sdom0733,10733,快樂鳥日子,康晉榮
sdom0732,10732,恁姐仔住市內,康晉榮
sdom0731,10731,1234,強辯
sdom0730,10730,脫掉,杜德偉
sdom0729,10729,裙擺搖搖,李心潔
sdom0728,10728,自由,李心潔
sdom0727,10727,老子說,吳克群
sdom0726,10726,天使,五月天
sdom0725,10725,最重要的小事,五月天
sdom0724,10724,為愛而生,五月天
sdom0723,10723,寵上天,五月天
sdom0722,10722,瘋狂世界,五月天
sdom0721,10721,軋車,五月天
sdom0720,10720,我又初戀了,五月天
sdom0719,10719,快樂很偉大,五月天
sdom0718,10718,Shabu Shabu,2moro
sdom0717,10717,我愛台妹,MC HotDog
sdom0704,10704,墜落天使,徐懷鈺
sdom0703,10703,My Kingdom,吳建豪
sdom0696,10696,請你恰恰,汪佩蓉&酷龍
sdom0695,10695,暴風Remix,久游
sdom0692,10692,Tonight,高耀太
sdom0691,10691,Like This 13,高耀太
sdom0665,10665,完美的互動,王力宏&Rain
sdom0664,10664,要定你,李玟
sdom0663,10663,招牌動作,蔡依林
sdom0662,10662,看我72變,蔡依林
sdom0661,10661,被風吹過的夏天,林俊傑&金莎
sdom0660,10660,親親,梁靜茹
sdom0659,10659,戀愛達人,羅志祥&小S
sdom0658,10658,垃圾桶,羅志祥
sdom0657,10657,肝功能衰竭,旺福
sdom0656,10656,水蜜桃輓歌,旺福
sdom0655,10655,迷你裙,旺福
sdom0654,10654,搬家,梁詠琪
sdom0653,10653,在每一秒裡都想見到你,王力宏
sdom0652,10652,整晚的音樂,庾澄慶
sdom0651,10651,讓我一次愛個夠,庾澄慶
sdom0650,10650,Shining Kiss,黑澀會美眉
sdom0649,10649,TIC TAC TOE,徐婕兒
sdom0648,10648,寓言,張韶涵
sdom0647,10647,Mama Mama,張韶涵
sdom0646,10646,喜歡你沒有道理,張韶涵
sdom0606,10606,乖乖,櫻桃幫
sdom0605,10605,I wanna rock,櫻桃幫
sdom0604,10604,再見我的愛,櫻桃幫
sdom0603,10603,清新早晨,櫻桃幫
sdom0602,10602,Shake it baby,黑澀會美眉
sdom0601,10601,潘朵拉,張韶涵
sdom0600,10600,歐若拉,張韶涵
sdom0599,10599,尋寶,張韶涵
sdom0598,10598,小丑世界,櫻桃幫
sdom0597,10597,兩隻戀人,曹格
sdom0596,10596,把愛放開,F.I.R.
sdom0595,10595,無限,F.I.R
sdom0594,10594,千年之戀,飛兒樂隊
sdom0593,10593,我們的愛,F.I.R
sdom0592,10592,不敵,不敵
sdom0591,10591,目黑,9you
sdom0590,10590,地下街,9YOU
sdom0589,10589,搖滾叛徒,9YOU
sdom0588,10588,PARA PARA SAKURA,郭富城
sdom0587,10587,唱這歌,郭富城
sdom0586,10586,一變傾城,郭富城
sdom0585,10585,sailor and machine gun,郭富城
sdom0584,10584,失意諒解備忘錄,9you
sdom0583,10583,無忌,無忌
sdom0582,10582,薛凱琪,薛凱琪
sdom0581,10581,糖不甩,9you
sdom0580,10580,奇洛李維斯回信,9YOU
sdom0579,10579,小峽谷,9YOU
sdom0578,10578,比堅尼,梁詠琪
sdom0577,10577,煞科,鄭秀文
sdom0576,10576,獨家試唱,鄭秀文
sdom0575,10575,愛是…,9you
sdom0574,10574,小心女人,9YOU
sdom0573,10573,遇上愛,楊丞琳
sdom0572,10572,睜一隻眼閉一隻眼,蔡依林
sdom0571,10571,甜心咒,楊丞琳
sdom0570,10570,慶祝,楊丞琳
sdom0569,10569,夢不落帝國,蔡旻佑
sdom0568,10568,靜靜的,庾澄慶
sdom0567,10567,愛在85度C,李玟
sdom0566,10566,Hip Hop Tonight,李玟
sdom0489,10489,Shut Up,The Black Eyed Peas
sdom0488,10488,Special Angel,高耀太
sdom0475,10475,girlfriend,Avril Lavigne
sdom0472,10472,My Humps,The Black Eyed Peas
sdom0460,10460,ariari,李貞賢
sdom0456,10456,負擔,白智英
sdom0449,10449,梁山伯與朱麗葉,卓文萱
sdom0448,10448,本草綱目,周杰倫
sdom0446,10446,正反合,Dong Bang Shin Ki
sdom0443,10443,愛上愛的味道,張韶涵
sdom0442,10442,失憶,梁靜茹
sdom0439,10439,真愛,羅百吉
sdom0438,10438,延長比賽,TANK
sdom0436,10436,Isn't It Strange,SamanthaMumba
sdom0415,10415,scenario,張佑赫
sdom0414,10414,Elva Is Back,蕭亞軒
sdom0413,10413,將軍令,吳克群
sdom0412,10412,彩虹的微笑,王心凌
sdom0411,10411,how are you,潘瑋柏
sdom0410,10410,我的果汁分你一半,花兒樂隊
sdom0409,10409,西廂,後弦
sdom0408,10408,I Love Rock & Roll,高耀太
sdom0407,10407,我有我的young,飛輪海
sdom0406,10406,All about us,Tatu
sdom0405,10405,hips don't lie,Shakira
sdom0404,10404,animal city,shakira
sdom0403,10403,Ice Cream,MCMong
sdom0402,10402,sitting down here,lene marlin
sdom0401,10401,On the Radio,groove coverage
sdom0400,10400,moonlight shadow（REMIX）,groove coverage
sdom0399,10399,雨櫻花,F.I.R
sdom0398,10398,Bigbang,Bigbang
sdom0397,10397,Crazy in love,Battle
sdom0396,10396,In The Future,AsOne
sdom0371,10371,玩偶,璽恩
sdom0370,10370,棋逢敵手,璽恩
sdom0369,10369,時尚工業,璽恩
sdom0368,10368,鴛鴦大盜,証聲
sdom0367,10367,澎湃,証聲
sdom0366,10366,我不在乎,証聲
sdom0365,10365,異想天開,証聲
sdom0364,10364,多管閒事,証聲
sdom0363,10363,跳一跳,証聲
sdom0362,10362,手帕交,証聲
sdom0361,10361,證明你的愛,証聲
sdom0360,10360,藉口,証聲
sdom0359,10359,要讓你知道,証聲
sdom0358,10358,嗚啦啦,証聲
sdom0357,10357,未來式,証聲
sdom0356,10356,cry me a river,賈斯丁
sdom0355,10355,Fighter,MinWoo
sdom0354,10354,Set me free,輝星
sdom0353,10353,GOOD LOVE,tym
sdom0352,10352,說一聲再見,9you
sdom0351,10351,彩鈴王,9U
sdom0350,10350,咚咚咚痛快,9you
sdom0349,10349,Christmas in my heart,Sarah connor
sdom0348,10348,雪聖誕,S.E.S
sdom0330,10330,唯舞獨尊(remix串燒 ),蔡依琳
sdom0329,10329,巴不得,泳兒
sdom0328,10328,感應,泳兒
sdom0327,10327,我的驕傲,容祖兒
sdom0326,10326,2001太空漫遊,陳奕迅
sdom0323,10323,感覺蘇豪,吳浩康
sdom0322,10322,打得火熱,陳奕迅
sdom0320,10320,八十塊環遊世界,Twins
sdom0319,10319,新奇古巴,証聲
sdom0318,10318,狂熱,9you
sdom0317,10317,喵的咧！,9you
sdom0316,10316,王牌大騙子,9you
sdom0315,10315,你是我的唯一,9you
sdom0314,10314,絕妙好戲,9you
sdom0313,10313,Mr.Q,蔡依林
sdom0312,10312,唇唇欲動,蔡依林
sdom0311,10311,音浪,黃立行
sdom0310,10310,太美麗,陶喆
sdom0309,10309,天灰灰的,周杰倫
sdom0308,10308,shake it,張佑赫
sdom0307,10307,幸福的地圖,蕭亞軒
sdom0306,10306,我的人,sg wannabe
sdom0305,10305,it's my live,bon jovi
sdom0304,10304,One kiss from you,Britney Spears
sdom0303,10303,第一天,孫燕姿
sdom0302,10302,嗆聲,羅百吉
sdom0301,10301,別冊附錄,NRG
sdom0300,10300,because you live,公主
sdom0299,10299,純情,高耀太
sdom0298,10298,亞特蘭提斯少女,BOA
sdom0297,10297,悲傷的騷沙舞,白智英
sdom0296,10296,peerless,darin
sdom0295,10295,Like Fire Tonight,KING
sdom0294,10294,lalalove,wk
sdom0293,10293,飆汗,容祖兒
sdom0292,10292,情逢敵手,蔡依林
sdom0291,10291,She Is My Sin,Nightwish
sdom0290,10290,戀著多喜歡,梁靜茹
sdom0289,10289,get high,f.i.r
sdom0288,10288,umpoMambo,COOL
sdom0287,10287,一個人的行李,戴佩妮
sdom0286,10286,聽媽媽的話,周杰倫
sdom0285,10285,阿拉伯市場,鄭希怡
sdom0284,10284,NOW,FinKL
sdom0283,10283,放生,范逸臣
sdom0282,10282,傻瓜的愛情,李俊基
sdom0281,10281,水晶糖果,9you
sdom0280,10280,三對三,胡彥斌
sdom0279,10279,月半灣,陳坤
sdom0278,10278,聚會,白智英
sdom0277,10277,五分熟,yummy
sdom0276,10276,Super Junior,Se7en
sdom0275,10275,Once in a lifetime,shinhwa
sdom0274,10274,Ring Ring Ring,SHE
sdom0273,10273,House,9YOU
sdom0272,10272,第四十號交響曲,SOGA
sdom0271,10271,Pm,9YOU
sdom0270,10270,光影,Fan
sdom0269,10269,潘多拉之盒,Fan
sdom0268,10268,加勒比男孩,Fan
sdom0267,10267,淩晨飛行,donovan lee
sdom0266,10266,卡通對白,9you
sdom0265,10265,婚禮進行曲,9you
sdom0264,10264,飛翔,PM.TINA
sdom0263,10263,緩慢,B6
sdom0262,10262,過往,B6
sdom0261,10261,光速快感,LQB
sdom0260,10260,時間引力,donovan lee
sdom0259,10259,快樂時光,PM
sdom0258,10258,Blue,BigBang
sdom0257,10257,快D快樂,9you
sdom0256,10256,Still Alive,BigBang
sdom0255,10255,Beep (feat will i am),SDO
sdom0254,10254,Stupid girl,9U
sdom0253,10253,Bad Day,Daniel Powter
sdom0252,10252,Da' Bomb,9YOU
sdom0251,10251,愛拼才會贏,9U
sdom0250,10250,酒後的心聲,庾澄慶
sdom0249,10249,Kenapa,Shazzy Ft VE
sdom0248,10248,Kembali Senyum,Izwan Pilus
sdom0247,10247,Dua Dunia,T.Phat Ft S.N
sdom0246,10246,Pop Ye! Ye!,VE FtJoe&Daly
sdom0245,10245,決戰二世祖,9YOU
sdom0244,10244,花火,PM
sdom0243,10243,直到永遠,SO GA
sdom0242,10242,淺灘,9you
sdom0241,10241,懶惰蟲,puremorning
sdom0240,10240,花黃瘦-Remix,puremorning
sdom0239,10239,la la la,9you
sdom0238,10238,新手練習曲,danovan lee
sdom0237,10237,一個人的沙發,9you
sdom0236,10236,藍色女孩,PM
sdom0235,10235,六個太陽,9you
sdom0234,10234,花好月圓,9you
sdom0233,10233,1812,P.M
sdom0232,10232,拉德斯基進行曲,9you
sdom0231,10231,L2,PM
sdom0230,10230,新大陸,donovan lee
sdom0229,10229,傳說,文熙俊
sdom0228,10228,Femme_Like_U,K'Maro
sdom0227,10227,Dilemma,輝星
sdom0226,10226,Baby是我,李玖哲
sdom0225,10225,Scandal,安七炫&吳建豪
sdom0224,10224,感應,張惠妹
sdom0223,10223,your man,seven
sdom0222,10222,Doobob,神話
sdom0221,10221,midnight girl,神話
sdom0220,10220,埃及豔后,李孝利
sdom0219,10219,take it to the floor,B2K
sdom0218,10218,你的香氣,Claire
sdom0217,10217,都怪我,李玖哲
sdom0216,10216,Walk On By,布蘭妮
sdom0215,10215,罪與罰,SG Wannabe
sdom0214,10214,Sometimes,Minwoo
sdom0213,10213,Burn It Up,Lee Jung
sdom0212,10212,Back To Your Love,Samantha
sdom0211,10211,Autumn Goodbye,Britney Spears
sdom0210,10210,NASTY,TYM
sdom0209,10209,花田錯,王力宏
sdom0208,10208,舞娘,蔡依林
sdom0207,10207,我們的天空,李孝利
sdom0206,10206,shake shake,陳慧琳
sdom0205,10205,手記,Rain
sdom0204,10204,三國戀,TANK
sdom0203,10203,比多更多,沙寶亮
sdom0202,10202,我的排行榜,華少翌
sdom0201,10201,Secret Love,MariahCarey
sdom0200,10200,不可思議,金莎
sdom0199,10199,花火,高耀太
sdom0198,10198,女朋友,twins
sdom0197,10197,這麼晚還沒睡,胡彥斌
sdom0196,10196,愛你,王心凌
sdom0195,10195,七年的愛,金賢政
sdom0194,10194,十有八九,後弦
sdom0193,10193,生命要繼續,黃崇旭
sdom0192,10192,The way U are,東方神起
sdom0191,10191,Bingo,高耀太
sdom0190,10190,Crazy,SE7EN
sdom0189,10189,沒有像我這樣的人,Super junior
sdom0188,10188,萍聚,蕭淑慎
sdom0187,10187,童話,光良
sdom0186,10186,面具,安七炫
sdom0185,10185,永不退縮,任賢齊
sdom0184,10184,想飛,任賢齊
sdom0183,10183,當你,王心凌
sdom0182,10182,toxic,britney
sdom0181,10181,The Game Of Love,艾微兒
sdom0180,10180,Luxury,Han Nah
sdom0179,10179,馬德里不思議,蔡依林
sdom0178,10178,給天使看的戲,謝霆鋒
sdom0177,10177,Shake it off,Mariah Carey
sdom0176,10176,暴風,Wannabe
sdom0175,10175,狂,SG Wannabe
sdom0174,10174,Pretty Lady,輝星
sdom0173,10173,Without You,TMY
sdom0172,10172,戀愛ING,五月天
sdom0171,10171,我想更懂你,潘瑋伯
sdom0170,10170,反轉地球,潘瑋柏
sdom0169,10169,戴上我的愛,潘瑋柏&王珞丹
sdom0168,10168,lose my breath,destinys child
sdom0167,10167,do somethin,britney spears
sdom0166,10166,All The Way,Craig David
sdom0165,10165,自己呀,樸珠會
sdom0164,10164,Question,河佑善
sdom0163,10163,走過來,蔡妍
sdom0162,10162,PASSION,JEWERY
sdom0161,10161,A HA,IVY
sdom0160,10160,MOTO,寶兒
sdom0159,10159,Addiction,寶兒
sdom0158,10158,Dream,Rain
sdom0157,10157,一夜情人,JTL
sdom0155,10155,孤單芭蕾,李貞賢
sdom0154,10154,解夏,華少翌
sdom0153,10153,Without your love,JTL
sdom0152,10152,feeling good,dapumb
sdom0151,10151,its like that,mariah carey
sdom0150,10150,Show me your love,東方神起
sdom0149,10149,My Girl,姜成勳
sdom0148,10148,香水百合,張韶涵
sdom0147,10147,花樣,松隆子
sdom0146,10146,月光光,關智斌
sdom0145,10145,爆米花的味道,蔡依林
sdom0143,10143,this time,W-inds
sdom0142,10142,I still love you,W-inds
sdom0141,10141,Thank You,W-inds
sdom0140,10140,睫毛彎彎,王心凌
sdom0138,10138,不死之身,林俊傑
sdom0137,10137,水煮魚,王蓉
sdom0136,10136,i can't go on,fir
sdom0133,10133,星光遊樂園,Twins
sdom0132,10132,分開旅行,黃立行vs劉若英
sdom0131,10131,SHE BANGS,瑞奇.馬丁
sdom0130,10130,假裝正經,Twins
sdom0129,10129,So sick,Ne-yo
sdom0128,10128,let's get it started,black eyed peas
sdom0127,10127,where is the love,black eyed peas
sdom0126,10126,奇蹟,寶兒
sdom0125,10125,愛情輪廓,許慧欣
sdom0121,10121,Def tech my way,BrotherBeatin
sdom0120,10120,bombbud,軼名
sdom0119,10119,兩個人,蔡研
sdom0118,10118,NeverSayGoodbye,MY GIRL
sdom0117,10117,Feel fine,倉木麻衣
sdom0116,10116,steal away,朴志胤
sdom0115,10115,Give My Love,9you
sdom0114,10114,無敵超人,Twins
sdom0113,10113,願望,胡彥斌
sdom0112,10112,一年後,Brown eyes
sdom0111,10111,jewel song,寶兒
sdom0109,10109,皇帝,胡彥斌
sdom0108,10108,第三次的愛,蔡妍
sdom0107,10107,Anymotion,李孝利
sdom0106,10106,soundscape,B.O.A
sdom0105,10105,Like I Love You,賈斯汀
sdom0104,10104,二十二,陶喆
sdom0103,10103,木馬屠城記,王心凌
sdom0102,10102,fire_fly,teens
sdom0101,10101,Super Model,S.H.E
sdom0100,10100,桃花朵朵開,阿牛
sdom0098,10098,逆鱗,周杰倫
sdom0097,10097,you-make-me-wanna,blue
sdom0093,10093,霍元甲,周杰倫
sdom0092,10092,天馬行空,林子良
sdom0090,10090,花與劍,J.S
sdom0089,10089,甜心戰士,幸田來未
sdom0088,10088,新年好,中國娃娃
sdom0087,10087,像你的眼睛一樣,夏奇拉
sdom0086,10086,一時無倆,Twins
sdom0085,10085,星光,S.H.E
sdom0084,10084,不想長大,S.H.E
sdom0082,10082,Max power,9you
sdom0080,10080,come over baby,克里斯帝娜
sdom0079,10079,天下無敵,MC MONG
sdom0078,10078,keep sweatin,ray j feat
sdom0077,10077,I could be the one,9you
sdom0076,10076,I never told you,陳冠希
sdom0075,10075,嗆司嗆司,羅志祥
sdom0074,10074,venus,孫燕姿
sdom0073,10073,永久指標,エイジアエンジニア
sdom0072,10072,zips,T.M.Revolution
sdom0071,10071,get the party,Pink
sdom0070,10070,Chi Hua Hua,SDO
sdom0069,10069,We'll Rock You,SDO
sdom0068,10068,hiphop horry,DJ Tommy
sdom0067,10067,Summer of Love,SDO
sdom0066,10066,大舌頭,吳克群
sdom0065,10065,KITCHUP,SDO
sdom0064,10064,pump it up,danzel
sdom0063,10063,DUB I DUB,sdo
sdom0062,10062,PARANOiA(180),DDR
sdom0061,10061,she,舞動精靈
sdom0060,10060,Far away from home,舞動精靈
sdom0058,10058,聖誕歌,韓國群星
sdom0057,10057,鈴兒響叮噹,chrildren
sdom0056,10056,嘻唰唰,花兒樂隊
sdom0055,10055,姐妹,張惠妹
sdom0054,10054,我想靠近你,孫燕姿
sdom0053,10053,搞怪蛙,Crazy frog
sdom0051,10051,HEY DUDE,神話
sdom0050,10050,Amazing Kiss,寶兒
sdom0049,10049,Pierrot,P I U
sdom0048,10048,第五街的誘惑,李玖哲
sdom0047,10047,成人禮,朴志胤
sdom0046,10046,God is a girl,9you
sdom0045,10045,the magic key,One-T&Cool-T
sdom0044,10044,Break Down!,Be For U
sdom0043,10043,I Say Yeah,vilin
sdom0042,10042,One Love,平井堅
sdom0041,10041,心中的HIP-HOP,新舞器
sdom0040,10040,Super Dancer,9you
sdom0039,10039,I NEED YOU,麻吉弟弟
sdom0036,10036,神話,5566
sdom0034,10034,解釋男女,EZ2DANCER
sdom0031,10031,BUMP FIX,M
sdom0030,10030,Bye Bye Bye,超級男孩
sdom0029,10029,Girls on top,寶兒
sdom0028,10028,幸福,H.O.T
sdom0027,10027,夜曲,周杰倫
sdom0026,10026,使者,N.R.G
sdom0921,10026,使者,N.R.G
sdom0025,10025,永遠喜歡,劉承俊
sdom0022,10022,不朽的太陽,張佑赫
sdom0020,10020,希望找到,劉承俊
sdom0016,10016,BooM BooM Dollar,DDR
sdom0015,10015,it’s  raining,RAIN
sdom0011,10011,Funky Music,james browen
sdom0010,10010,不要忘了我,潘瑋柏
sdom0009,10009,禪舞不二,潘瑋泊
sdom0008,10008,狠狠愛,vivan
sdom0007,10007,充電,李宰鎮
sdom0006,10006,不得不愛,潘瑋柏
sdom0005,10005,快樂崇拜,潘瑋柏&張韶涵
sdom0004,10004,寵物男孩,COCO
sdom0003,10003,不如跳舞,陳慧琳
sdom0002,10002,算你狠,陳小春
sdom0001,10001,野蠻遊戲,蔡依林
sdom2,2,新手教學,DONOVAN
sdom1,1,新手教學,DONOVAN
sdom0,0,新手教學,DONOVAN
sdom3,0,新手教學,DONOVAN
