gn,title,artist,src,bpm,fileId
sdom0026,使者,N.R.G,kgn,127,10026
sdom0039,I NEED YOU,麻吉弟弟,kgn,160.01,10039
sdom0043,I Say Yeah,vilin,kgn,137.01,10043
sdom0047,成人禮,朴志胤,kgn,99.05,10047
sdom0063,DUB I DUB,sdo,kgn,136.01,10063
sdom0073,永久指標,エイジアエンジニア,kgn,85,10073
sdom0087,像你的眼睛一樣,夏奇拉,kgn,127,10087
sdom0103,木馬屠城記,王心凌,kgn,106,10103
sdom0107,Anymotion,李孝利,kgn,134.1,10107
sdom0108,第三次的愛,蔡妍,kgn,128,10108
sdom0111,jewel song,寶兒,kgn,112,10111
sdom0115,Give My Love,9you,kgn,90,10115
sdom0117,Feel fine,倉木麻衣,kgn,152,10117
sdom0118,NeverSayGoodbye,MY GIRL,kgn,100.02,10118
sdom0129,So sick,Ne-yo,kgn,95,10129
sdom0132,分開旅行,黃立行vs劉若英,kgn,86,10132
sdom0141,Thank You,W-inds,kgn,139.98,10141
sdom0142,I still love you,W-inds,kgn,170,10142
sdom0143,this time,W-inds,kgn,153.98,10143
sdom0147,花樣,松隆子,kgn,87,10147
sdom0151,its like that,mariah carey,kgn,97,10151
sdom0155,孤單芭蕾,李貞賢,kgn,132,10155
sdom0173,Without You,TMY,kgn,134.01,10173
sdom0175,狂,SG Wannabe,kgn,130,10175
sdom0180,Luxury,Han Nah,kgn,120,10180
sdom0189,沒有像我這樣的人,Super junior,kgn,115,10189
sdom0191,Bingo,高耀太,kgn,150,10191
sdom0195,七年的愛,金賢政,kgn,142,10195
sdom0199,花火,高耀太,kgn,142,10199
sdom0215,罪與罰,SG Wannabe,kgn,110.98,10215
sdom0276,Super Junior,Se7en,kgn,86,10276
sdom0294,lalalove,wk,kgn,125,10294
sdom0295,Like Fire Tonight,KING,kgn,120,10295
sdom0298,亞特蘭提斯少女,BOA,kgn,110,10298
sdom0299,純情,高耀太,kgn,137,10299
sdom0301,別冊附錄,NRG,kgn,132.01,10301
sdom0303,第一天,孫燕姿,kgn,176,10303
sdom0313,Mr.Q,蔡依林,kgn,152,10313
sdom0400,moonlight shadow（REMIX）,groove coverage,kgn,140,10400
sdom0403,Ice Cream,MCMong,kgn,110,10403
sdom0408,I Love Rock & Roll,高耀太,kgn,158,10408
sdom0436,Isn't It Strange,SamanthaMumba,kgn,144.58,10436
sdom0456,負擔,白智英,kgn,140,10456
sdom0460,ariari,李貞賢,kgn,144,10460
sdom0488,Special Angel,高耀太,kgn,113,10488
sdom0691,Like This 13,高耀太,kgn,140,10691
sdom0692,Tonight,高耀太,kgn,143,10692
sdom0696,請你恰恰,汪佩蓉&酷龍,kgn,133,10696
sdom0704,墜落天使,徐懷鈺,kgn,116,10704
sdom0882,Baby Cat,李孝利,kgn,110,10882
sdom0887,中國話,S.H.E,kgn,100,10887
sdom0984,月牙灣,飛兒樂團,kgn,87,10984
sdom0996,有沒有像我這樣的人,Super Junior,kgn,120,10996
sdom0998,聖少女領域,ALI PROJECT,kgn,137,10998
sdom1000,謊言,BigBang,kgn,125,11000
sdom1002,日之夏,GOLF MIKE,kgn,125.01,11002
sdom1005,來過倒,Super Junior,kgn,139.01,11005
sdom1010,淘氣女孩,裴澀琪,kgn,141,11010
sdom1023,去吧愛,張慧珍,kgn,135,11023
sdom1056,觸電,芭比娃娃,kgn,140,11056
sdom1062,PASIO,島谷,kgn,120,11062
sdom1069,彗星,允河,kgn,155,11069
sdom1070,just communication,TWO MAX,kgn,132,11070
sdom1083,Crazy Dog,BigBang,kgn,123,11083
sdom1084,傻瓜,BigBang,kgn,125,11084
sdom1085,最後的問候,Bigbang,kgn,135,11085
sdom1099,等待,高耀太,kgn,142.01,11099
sdom1105,月亮代表我的心裡有問題,三角COOL,kgn,94.02,11105
sdom1106,下雪的夜晚,神話,kgn,126,11106
sdom1116,絲路,梁靜茹,kgn,146,11116
sdom1117,DREAMS,Romantic mode,kgn,127.9,11117
sdom1118,INVOKE,T.M.Revolution,kgn,152.03,11118
sdom1120,I believe,Tata Young,kgn,117,11120
sdom1169,Fortune,玉置成實,kgn,137,11169
sdom1173,Reason,玉置成實,kgn,130,11173
sdom1181,My Name,烏龜,kgn,130,11181
sdom1182,Sing lala,烏龜,kgn,127,11182
sdom1183,便宜點吧,烏龜,kgn,130,11183
sdom1188,I Love You,Eight,kgn,130,11188
sdom1194,傻瓜,seeya,kgn,134,11194
sdom1197,危險的演出,蔡妍,kgn,134,11197
sdom1220,Gravitation,玩家原創,kgn,170,11220
sdom1221,Through the Fire and Flames,玩家原創,kgn,200.02,11221
sdom1222,black dragon,玩家原創,kgn,173,11222
sdom1223,Onoken,玩家原創,kgn,160,11223
sdom1228,SAS,玩家原創,kgn,136,11228
sdom1229,BadX,Techno Sensation,kgn,146,11229
sdom1231,Deja Vu,玩家原創,kgn,117,11231
sdom1232,STAY,STAY,kgn,160.08,11232
sdom1233,Turbo,黑貓,kgn,135.01,11233
sdom1234,God Know,平野綾,kgn,150,11234
sdom1235,為你唱的歌,SS501,kgn,128,11235
sdom1237,MonStAR,平野綾,kgn,148,11237
sdom1285,happy happy,宋寶蘭,kgn,155,11285
sdom1293,Selfish Love,LEXY,kgn,120,11293
sdom1296,Super Star,超新星,kgn,128,11296
sdom1298,穿越時空的愛戀,玩家原創,kgn,160,11298
sdom1306,Bad Boy,孫丹菲,kgn,130,11306
sdom1309,瘋了,MC夢,kgn,122,11309
sdom1352,Love Dance,Super Kidd,kgn,144,11352
sdom1357,Don't You Worry,Bown Eyes,kgn,118,11357
sdom1358,在我之前,Enjel,kgn,118,11358
sdom1361,搖擺吧,Kil,kgn,104,11361
sdom1363,Go!!,Rhymer,kgn,130,11363
sdom1408,step by step,Ballte,kgn,133,11408
sdom1410,BRAND NEW WORLD,D-51,kgn,160,11410
sdom1415,happy go,甦醒,kgn,130,11415
sdom1417,Lady,BigBang,kgn,103,11417
sdom1422,CRAZY LOVE,東方神起,kgn,129,11422
sdom1425,伸展翅膀,烏龜,kgn,135,11425
sdom1427,Luv U,Battle,kgn,126,11427
sdom1428,Oh My Friend,Bigbang,kgn,142,11428
sdom1430,Walk-My Love,J,kgn,120,11430
sdom1431,Romi,Change,kgn,140,11431
sdom1433,沒關係,SSEN,kgn,135,11433
sdom1435,U-Go-Girl,李孝利,kgn,101,11435
sdom1438,夏日的請求,OH SONG,kgn,134,11438
sdom1441,太陽昇起的那天,申智,kgn,130,11441
sdom1442,我愛你,徐智英,kgn,125,11442
sdom1445,The Heavens Remix,玩家原創,kgn,171,11445
sdom1446,愛情和戰爭,Davichi,kgn,132,11446
sdom1470,偶然の確率,GIRL NEXT DOOR,kgn,121,11470
sdom1471,間隔,G-Zone,kgn,135,11471
sdom1472,討厭,G-Zone,kgn,146,11472
sdom1473,Happy Birthday,NEWS,kgn,120,11473
sdom1474,untouched,The Veronicas,kgn,177,11474
sdom1477,WHATEVER,濱崎步,kgn,130,11477
sdom1479,TABO0,幸田來未,kgn,126,11479
sdom1480,The Kinslayer,Nightwish,kgn,177.58,11480
sdom1501,感覺特別,胡彥斌,kgn,89,11501
sdom1503,You are not alone,周定緯,kgn,60,11503
sdom1534,high and mighty color,amazing,kgn,94.5,11534
sdom1546,街道,林俊杰,kgn,125,11546
sdom1547,GHOST REVIVAL,玩家原創,kgn,148,11547
sdom1551,So What,周定緯,kgn,105,11551
sdom1552,Anisakis,玩家原創,kgn,185,11552
sdom1553,J219,玩家原創,kgn,160,11553
sdom1554,Second Heaven,玩家原創,kgn,149,11554
sdom1555,嘆息之樹,玩家原創,kgn,160,11555
sdom1557,華爛漫 -Flowers-,TERRA,kgn,160,11557
sdom1560,MOLA,News,kgn,120,11560
sdom1561,我的主題曲,江語晨,kgn,94,11561
sdom1562,快樂英雄,潘瑋柏,kgn,100,11562
sdom1563,リズム,青山黛瑪,kgn,127,11563
sdom1564,夢幻奇緣,袁成傑,kgn,130,11564
sdom1565,Mendes,玩家原創,kgn,168,11565
sdom1566,The Prince of Darkness,玩家原創,kgn,160,11566
sdom1567,Number 1,Bigbang,kgn,115,11567
sdom1568,你在我心中,Eugene,kgn,125,11568
sdom1572,只有你,高耀太,kgn,130,11572
sdom1573,青蛙不是王子,1983,kgn,94.4,11573
sdom1574,大声ダイヤモンド,AKB48,kgn,174,11574
sdom1575,Lollipop,Bigbang,kgn,120,11575
sdom1579,Super Man,Mario,kgn,116,11579
sdom1581,U R Man,SS501,kgn,117,11581
sdom1613,PlayBoy,Yipani,kgn,125,11613
sdom1614,不眠症,輝星,kgn,125.4,11614
sdom1615,櫻花開了,江語晨,kgn,85,11615
sdom1617,PARTY TONIGHT,金錫民,kgn,126.6,11617
sdom1618,厭倦,裴澀琪,kgn,120,11618
sdom1623,Survivor,東方神起,kgn,125,11623
sdom1624,After School,AH,kgn,122,11624
sdom1625,Just Dance,Lady GaGa,kgn,119,11625
sdom1626,第二晚,M.H.IS,kgn,120,11626
sdom1627,Why I like you,Super Junior,kgn,126,11627
sdom1632,"SORRY, SORRY",Super Junior,kgn,130,11632
sdom1685,Fire,2NE1,kgn,126,11685
sdom1686,Diva,After School,kgn,130,11686
sdom1688,傻瓜一樣,JunJin,kgn,125,11688
sdom1689,魅力人生,Miss Joo,kgn,110,11689
sdom1693,就是你,SuperJunior,kgn,120,11693
sdom1698,Go Go,高耀太,kgn,146,11698
sdom1699,Nonsense,高耀太,kgn,132,11699
sdom1700,更愛你,高耀太,kgn,130,11700
sdom1703,記憶與回憶,金泰宇,kgn,120,11703
sdom1704,夏娃的警告,高耀太,kgn,140,11704
sdom1705,真的嗎,高耀太,kgn,128,11705
sdom1706,I Like Choco,金正恩,kgn,120,11706
sdom1708,Vogue Girl,李貞賢,kgn,122,11708
sdom1709,你是我的,李貞賢,kgn,123.99,11709
sdom1731,連哭都是我的錯,東來東往,kgn,132,11731
sdom1737,So What,粉紅佳人,kgn,126,11737
sdom1738,Suga Luv,Bizniz,kgn,125,11738
sdom1739,說出願望吧,少女時代,kgn,123,11739
sdom1740,Etude,少女時代,kgn,128,11740
sdom1741,加減公式,Flying Girls,kgn,122,11741
sdom1742,白馬王子,Kara,kgn,126,11742
sdom1743,星光閃耀的夜晚,OneTwo,kgn,128,11743
sdom1746,stand by me,shinee,kgn,111,11746
sdom1772,Keep You Much Longer,Akon,kgn,120,11772
sdom1773,troublemaker,Akon,kgn,122,11773
sdom1775,So Beautiful,Bigbang,kgn,115,11775
sdom1779,Glam Girl,Brown Eyed Girls,kgn,126,11779
sdom1783,加減公式,Flying Girls,kgn,122,11783
sdom1784,奢望,FT Island,kgn,140,11784
sdom1792,hot stuff,davichi,kgn,130,11792
sdom1793,The show,Lenka,kgn,123,11793
sdom1794,I love you,拜託小姐,kgn,112,11794
sdom1795,搖擺,蔡妍,kgn,130,11795
sdom1797,Jingle Jingle Bells,Bless,kgn,120,11797
sdom1799,你很美,Run,kgn,115,11799
sdom1800,強烈的你,Run,kgn,125,11800
sdom1801,Sweet Christmas,李賢智,kgn,131,11801
sdom1817,Dreams Come True,4minute,kgn,165,11817
sdom1820,Crazy,Beast,kgn,140,11820
sdom1827,Bo Peep Bo Peep,Tiara,kgn,128,11827
sdom1828,你的愛,Tiara,kgn,102,11828
sdom1830,Happy Loving,王心凌,kgn,125,11830
sdom1833,BingBingBing,F.T.Island,kgn,190,11833
sdom1834,Love Attack,IU,kgn,131,11834
sdom1835,Not Your Girl,Rainbow,kgn,127,11835
sdom1836,Apple Is A,Tiara,kgn,136,11836
sdom1837,"Oh, Yes!",高耀太,kgn,128,11837
sdom1838,PRIDE OF GLORY,水樹奈奈,kgn,148,11838
sdom1839,甩蔥歌,初音未來,kgn,119,11839
sdom1841,kiss,2ne1,kgn,120,11841
sdom1843,Strong Baby,BigBang,kgn,118,11843
sdom1844,One Love,Super Junior 銀赫 KRY,kgn,97,11844
sdom1846,I'm So Sorry,我不管家族,kgn,127,11846
sdom1847,Crazy4s,2PM,kgn,132,11847
sdom1848,super girl,superjunior,kgn,125,11848
sdom1849,ttl time to love,T-ara & Supernova,kgn,105,11849
sdom1851,tell me,wonder girls,kgn,127,11851
sdom1852,Every Heart,寶兒,kgn,142,11852
sdom1853,I don't care,2NE1,kgn,132,11853
sdom1854,oh!,少女時代,kgn,144,11854
sdom1855,Wahrheit,妖精帝國,kgn,180,11855
sdom1856,泣いちゃうかも,早安少女組,kgn,120,11856
sdom1857,月下香,妖精帝國,kgn,160,11857
sdom1858,気まぐれプリンセス,早安少女組,kgn,134,11858
sdom1859,Poker Face,Lady GaGa,kgn,119,11859
sdom1860,Troublemaker,嵐,kgn,139,11860
sdom1861,經驗值upup,南家三姐妹,kgn,170,11861
sdom1862,Earthquake,Little Boots,kgn,124,11862
sdom1863,PRIDE,High And Mighty Color,kgn,180,11863
sdom1864,Back to the day,相川七瀨,kgn,163,11864
sdom1865,君がいない未来,大無限樂團,kgn,140,11865
sdom1866,擁抱我小姐,山下智久,kgn,144.83,11866
sdom1867,不懂ing,2AM,kgn,164,11867
sdom1871,第四十號交響,Donovanlee,kgn,126,11871
sdom1873,因為你笑了,原來我不帥,kgn,102,11873
sdom1887,billie_jean,michael_jackson,kgn,117.04,11887
sdom1888,beat_it,michael_jackson,kgn,138.83,11888
sdom1889,smooth_criminal,michael_jackson,kgn,118.22,11889
sdom1890,dangerous,michael_jackson,kgn,113,11890
sdom1891,MJ串燒,michael_jackson,kgn,117.04,11891
sdom1892,運命のルーレット廻して,ZARD,kgn,140,11892
sdom1894,DA DA BUL,Aurora,kgn,138,11894
sdom1895,Magic,Brown Eyed Girls,kgn,123,11895
sdom1896,首班車,superjunior t,kgn,130,11896
sdom1897,RIVER,AKB48,kgn,106.53,11897
sdom1898,テクノキャット,Becky,kgn,140,11898
sdom1899,Wacko,Belinda peregrín schull,kgn,135,11899
sdom1900,Paradise,Da Buzz,kgn,99.5,11900
sdom1901,one more time,i13,kgn,130,11901
sdom1902,Dream Again,move,kgn,141,11902
sdom1903,Supermassive Black hole,Muse,kgn,120.29,11903
sdom1904,Run,Epik High,kgn,160,11904
sdom1905,SHERO,S.H.E,kgn,107,11905
sdom1906,Juliette,SHINee,kgn,109,11906
sdom1907,Happy Cooking,super junior,kgn,140,11907
sdom1908,Good Bye,Wonder Girls,kgn,120,11908
sdom1914,Stick Wit U,少女時代,kgn,158,11914
sdom1915,もっと君と,申彗星,kgn,120,11915
sdom1916,crazy woman,seeya davichi,kgn,76,11916
sdom1917,Chu,fx,kgn,125,11917
sdom1918,heymrbig,Jazzhiphop,kgn,142,11918
sdom1919,One More Time,Jewelry,kgn,132.06,11919
sdom1920,The Way You Do Me,JOJO,kgn,96.05,11920
sdom1921,Different Tears,Wonder Girls,kgn,124.01,11921
sdom1922,Run Devil Run,少女時代,kgn,129.98,11922
sdom1923,GEE,少女時代,kgn,200,11923
sdom1924,BANG!,After School,kgn,120,11924
sdom1925,好膽你就來,張惠妹,kgn,120,11925
sdom1926,心電心,王心凌,kgn,140,11926
sdom1927,羅生門,羅志祥,kgn,105,11927
sdom1928,雨愛,楊丞琳,kgn,80.08,11928
sdom1929,閃閃惹人愛,蕭亞軒,kgn,130,11929
sdom1930,Happy Loving,王心凌,kgn,125,11930
sdom1931,愛的主場秀,羅志祥,kgn,140,11931
sdom1932,不愛請閃開,蕭亞軒,kgn,123,11932
sdom1933,習慣就好,羅志祥,kgn,130.42,11933
sdom1934,WOW,萧亚軒,kgn,165,11934
sdom1935,ポニーテールとシュシュ,AKB48,kgn,160,11935
sdom1936,仆のYELL,AKB48,kgn,124,11936
sdom1937,愛情病,Dream Girls,kgn,126,11937
sdom1938,Because Of You,Gummy,kgn,141,11938
sdom1939,IU,守護,kgn,120,11939
sdom1940,Rumble Fish,Toxic,kgn,123,11940
sdom1941,Push Push,SISTAR,kgn,127,11941
sdom1942,Bad Apple,Minoshima,kgn,138,11942
sdom1943,Smile Boy,李勝基、金妍兒,kgn,144,11943
sdom1944,Cabi Song,少女時代、2PM,kgn,134,11944
sdom1945,Grab Bag,西野カナ,kgn,120,11945
sdom1946,給我你的手,弦子,kgn,115,11946
sdom1987,Supermario,勁樂,kgn,100,11987
sdom1988,夢的預見,Brandy,kgn,140,11988
sdom1989,溫馨一刻,Hiro,kgn,122,11989
sdom1990,V3,勁樂,kgn,160,11990
sdom1991,幽靈盛典,勁樂,kgn,136,11991
sdom1992,Vivaldi in HipHop,勁樂,kgn,110,11992
sdom1993,零次元,Nao Paradigm,kgn,147.04,11993
sdom1994,野蜂飛舞,勁樂,kgn,185,11994
sdom1995,Can't Nobody,2NE1,kgn,130,11995
sdom1996,BEAUTIFUL HANGOVER,BigBang,kgn,133,11996
sdom1997,The Catalyst,Linkin Park,kgn,135,11997
sdom1998,One Life,No Angels,kgn,125.5,11998
sdom1999,Green Light,Roll Depp,kgn,125,11999
sdom2000,愛的抱抱,郭書瑤,kgn,130,12000
sdom2001,我想我是瘋了,李勝基,kgn,123,12001
sdom2002,Blues,蕭敬騰,kgn,192,12002
sdom2003,Give a Little More,Maroon 5,kgn,118,12003
sdom2004,上帝派我來愛你,王錚亮,kgn,87,12004
sdom2005,Skater Boy 滑板少年,Avril Lavigne,kgn,150,12005
sdom2006,Tomorrow,Avril Lavigne,kgn,68,12006
sdom2007,I Like It,Enrique Iglesias Pitbull,kgn,129,12007
sdom2008,Party Girl,McFly,kgn,125,12008
sdom2009,壞天使,江映蓉,kgn,125,12009
sdom2010,左右,戴愛玲,kgn,144,12010
sdom2011,青春門,楊丞琳,kgn,122,12011
sdom2012,新流感,楊丞琳,kgn,142,12012
sdom2013,愛瘋頭,羅志祥,kgn,102,12013
sdom2014,大開眼界,魔幻1+1,kgn,112,12014
sdom2015,黑白之吻,SID,kgn,150,12015
sdom2016,黑吃黑,張惠妹,kgn,110,12016
sdom2017,異想天開,楊丞琳,kgn,102,12017
sdom2018,Mission Statement,Stone Sour,kgn,170,12018
sdom2019,Break It,安室奈美惠,kgn,128,12019
sdom2020,講男講女,陳奕迅 露雲娜,kgn,95,12020
sdom2021,"Jump, Jump, Jump",高耀太,kgn,126,12021
sdom2022,夏天,李玖哲,kgn,94,12022
sdom2023,愛上你,BY2,kgn,64,12023
sdom2026,Mine,Taylor Swift,kgn,121,12026
sdom2027,現在開始我愛你,李勝基,kgn,134,12027
sdom2028,超級自戀男,喬洋,kgn,81,12028
sdom2030,Go Away,2NE1,kgn,128,12030
sdom2031,ヘビーローテーション,AKB48,kgn,178,12031
sdom2035,吻我好嗎,G.NA,kgn,92,12035
sdom2036,Breaking News,邁克爾·傑克遜,kgn,113,12036
sdom2040,Hello,SHINee,kgn,97,12040
sdom2050,請播放音樂 DJ,miss A,kgn,132,12050
sdom2051,Ma! Boy？,韓彩媛,kgn,124,12051
sdom2052,天空 大地 星星,T-ara,kgn,136,12052
sdom2053,Oh!我的女神,Trax,kgn,160,12053
sdom2054,Windows Of Myself,Tres.B,kgn,162.97,12054
sdom2055,男女共學,Too Late,kgn,135,12055
sdom2056,心碎了,吳宗赫,kgn,105,12056
sdom2057,說愛你,昭宥,kgn,65,12057
sdom2058,One Thing,4Minute,kgn,80,12058
sdom2059,burning,瑪麗亞 - 亞瑞唐多,kgn,68,12059
sdom2060,hello、hello,張根錫,kgn,98,12060
sdom2061,Evans,DJ Yoshitaka,kgn,185,12061
sdom2062,my precious,瑪麗外宿中,kgn,80.1,12062
sdom2063,super star,Kara,kgn,113,12063
sdom2064,tell me your love,trax,kgn,120,12064
sdom2065,my bus,張根錫,kgn,115,12065
sdom2066,winner,不思議遊戲,kgn,132.28,12066
sdom2067,congratulation,瑪麗外宿中,kgn,90,12067
sdom2068,running,瑪麗外宿中,kgn,170,12068
sdom2069,亡靈,電鋸驚魂,kgn,147,12069
sdom2070,ピアノ协奏曲第1番“悲鸣”,岬,kgn,165,12070
sdom2071,Summer,久石讓,kgn,90.4,12071
sdom2072,Dragon Blade,Kozo Nakamura,kgn,240,12072
sdom2073,勿忘草,ピコ,kgn,170,12073
sdom2074,again,YUI,kgn,140.1,12074
sdom2075,Rain,YUI,kgn,155,12075
sdom2076,Stoer,ピコ,kgn,170.2,12076
sdom2077,Albida,DJ YOSHITAKA,kgn,185,12077
sdom2078,会いたいロンリ_クリスマス,℃-ute,kgn,142,12078
sdom2079,瞬_センチメンタル,SCANDAL,kgn,168,12079
sdom2090,only my railgun,fripSide,kgn,143,12090
sdom2091,S.H.E,JUJU,kgn,65,12091
sdom2092,love forever,加藤ミリヤ&清水翔太,kgn,120,12092
sdom2093,情歌沒有告訴你,梁靜茹,kgn,67,12093
sdom2094,メルト,初音,kgn,170,12094
sdom2095,她說,林俊杰,kgn,85,12095
sdom2096,那個女人,秘密花園,kgn,70,12096
sdom2097,falling,Beast,kgn,120,12097
sdom2098,寂寞寂寞就好,田馥甄,kgn,76,12098
sdom2099,trust you,伊藤由奈,kgn,89,12099
sdom2100,都是因為你,Beast,kgn,100,12100
sdom2101,Forget You,CEE LO GREEN,kgn,127.5,12101
sdom2102,Black & White,G.NA,kgn,134,12102
sdom2103,B.o.B  Price Tag,Jessie J Feat,kgn,87.5,12103
sdom2104,可疑的男人,李貞賢,kgn,128,12104
sdom2105,genie,少女時代,kgn,123,12105
sdom2106,hoot,少女時代,kgn,128,12106
sdom2107,Visual Dream,少女時代,kgn,131,12107
sdom2108,distance,西野カナ,kgn,140,12108
sdom2109,dream high,2PM,kgn,127,12109
sdom2110,rolling in the deep,adele,kgn,105,12110
sdom2111,we r who we r,ke$ha,kgn,120,12111
sdom2112,wish,olivia,kgn,162,12112
sdom2113,每天每天,殆死悲愛,kgn,85,12113
sdom2114,orion,中島美嘉,kgn,72,12114
sdom2115,a manin love,super junior,kgn,100,12115
sdom2116,supa luv,teen top,kgn,116,12116
sdom2117,telephone,lady gaga feat. beyonce,kgn,122,12117
sdom2118,Shining Star,超新星,kgn,130,12118
sdom2119,令人興奮,殆死悲愛,kgn,120,12119
sdom2120,Kiss Me 愛してる,°C-ute,kgn,152,12120
sdom2121,abracadabra,brown eyed girls,kgn,128,12121
sdom2122,granade,bruno mars,kgn,111,12122
sdom2123,just the way u are,bruno mars,kgn,109,12123
sdom2124,Alicia  OST,IU,kgn,136,12124
sdom2125,吞噬太陽,trax,kgn,100,12125
sdom2126,flower dance,dj okawari,kgn,100,12126
sdom2127,luv letter,dj okawari,kgn,95,12127
sdom2128,Lilac,中島岬,kgn,170,12128
sdom2129,Tempest,中島岬,kgn,135,12129
sdom2130,香水,徐佳瑩,kgn,118,12130
sdom2131,love the way you lie,Eminem&rihanna,kgn,87,12131
sdom2132,High High,Bigbang,kgn,130,12132
sdom2133,Jumping,KARA,kgn,126,12133
sdom2134,おしゃれ マイドリ_ム,小川真奈,kgn,137,12134
sdom2135,Turtles,烏龜組合,kgn,135,12135
sdom2136,Eyes Wide Shut,JLS,kgn,128,12136
sdom2137,For You,Rie.fu,kgn,100,12137
sdom2138,kasio,taru,kgn,108,12138
sdom2139,maybe,閔先藝,kgn,100,12139
sdom2140,動畫歌曲串燒,動畫歌曲串燒,kgn,136,12140
sdom2171,最愛,2AM,kgn,78,12171
sdom2172,WHY,4Minute,kgn,130,12172
sdom2173,けない心,AAA,kgn,134,12173
sdom2174,チャンスの顺番,akb48,kgn,158,12174
sdom2175,約定,a.n.jell,kgn,130,12175
sdom2176,dash girl,尹恩惠,kgn,140,12176
sdom2177,我的女友是九尾狐,諾珉宇,kgn,90,12177
sdom2178,依然,李弘基,kgn,118,12178
sdom2179,Lovely Day,樸信惠,kgn,127,12179
sdom2180,虹Niji,BEAST,kgn,102,12180
sdom2181,walking on sunshine,樸寶英,kgn,109,12181
sdom2182,自由時代,樸寶英,kgn,130,12182
sdom2183,ミライボウル,Momoiro Clover,kgn,150,12183
sdom2184,我認識的人,SG Wanna Be,kgn,69,12184
sdom2185,Girl,金亨俊,kgn,128,12185
sdom2186,アンサイズニア,One Ok Rock,kgn,188,12186
sdom2187,劉佳 愛很美,sara,kgn,105,12187
sdom2188,ガチでいこうぜ!,白石稔,kgn,175,12188
sdom2189,dive to world,家庭教師第三季主題曲,kgn,147,12189
sdom2190,旅行,瀧&翼,kgn,124,12190
sdom2191,lonely,2 ne1,kgn,95,12191
sdom2192,Time Is,DNT,kgn,116,12192
sdom2193,danger,f x,kgn,118,12193
sdom2194,nu abo,f x,kgn,95,12194
sdom2195,hello hello,f.t、island,kgn,200,12195
sdom2196,Oh! Honey,Secret,kgn,130,12196
sdom2197,星光月光,Secret,kgn,130,12197
sdom2198,give me every thing,pitbull,kgn,129,12198
sdom2199,The Kinslayer,Nightwish,kgn,177.6,12199
sdom2200,克羅埃西亞狂想曲,Maksim Mrvica,kgn,96,12200
sdom2213,You&Me,田村ゆかり,kgn,160,12213
sdom2217,Bubble Pop!,金泫雅,kgn,146,12217
sdom2220,少女綺想曲 DreamBattle,東方,kgn,160,12220
sdom2221,拿去吧！水手服,幸運星,kgn,150,12221
sdom2222,Lion,中島愛&May'n,kgn,145,12222
sdom2223,コネクト,ClariS,kgn,175,12223
sdom2230,耀眼的你,Can,kgn,126,12230
sdom2241,it's alright,城市獵人,kgn,126,12241
sdom2242,Brand New Voice,花たん,kgn,141,12242
sdom2243,Figaro,Nine muses,kgn,118,12243
sdom2244,Be Starters!,喜多村英梨,kgn,168,12244
sdom2245,tok tok tok,super junior,kgn,147,12245
sdom2246,カワルミライ,ちょうちょ,kgn,167,12246
sdom2247,perfect man (永不言棄插曲),神話,kgn,108,12247
sdom2248,suddenly,金寶京,kgn,88,12248
sdom2249,青い栞,Galileo Galilei,kgn,132,12249
sdom2250,戦場に咲いた一輪の花,飛蘭,kgn,168,12250
sdom2251,桃源郷エイリアン,serial,kgn,170,12251
sdom2252,サムライハ ト(Some Like It Hot!!,SPYAIR,kgn,113,12252
sdom2253,Remember,EI,kgn,128,12253
sdom2254,Funny Bunny,ELLEGARDEN,kgn,130,12254
sdom2255,IN MY WORLD,ROOKiEZ is PUNK'D,kgn,190,12255
sdom2256,Bad Girl,少女時代,kgn,115,12256
sdom2257,對我來說她太漂亮了,金朝漢,kgn,65,12257
sdom2258,super junior,Mr. Simple,kgn,128,12258
sdom2259,太完美,superjunior m,kgn,106,12259
sdom2260,なないろ☆ナミダ,Tomato n' Pine,kgn,127,12260
sdom2261,letter_song,ヲタみんver,kgn,63,12261
sdom2262,Good Bye,米娜(Mina),kgn,120,12262
sdom2263,直到無法呼吸,BBAN,kgn,90,12263
sdom2264,風之旋律,IU,kgn,160,12264
sdom2265,White(被詛咒的旋律 OST),PinkDolls,kgn,138,12265
sdom2266,Hero,Simon D,kgn,110,12266
sdom2267,Demon,樸宰範,kgn,121,12267
sdom2268,Time Is,吳鍾赫,kgn,67,12268
sdom2269,戰,尚雯婕,kgn,74,12269
sdom2270,Red Sign,Kevin,kgn,150,12270
sdom2271,In Heaven,JYJ,kgn,76,12271
sdom2272,戀愛的三種技巧,殆死悲爱、申乾,kgn,109,12272
sdom2273,我愛你,SG Wanna be,kgn,79,12273
sdom2274,FATE,酷懶之味,kgn,110,12274
sdom2275,Log-in,T_ara,kgn,135,12275
sdom2276,電人、暁に斃れる。,L.E.D.-G,kgn,165,12276
sdom2277,BLOOD on FIRE,AAA,kgn,155,12277
sdom2278,My Spirit Will Go On,dragonforce,kgn,200,12278
sdom2279,Vortex,DJ,kgn,172,12279
sdom2288,客官 不可以,徐良 小凌,kgn,95,12288
sdom2289,你為我著迷,鄭容和（CNBLUE）,kgn,147,12289
sdom2290,ok na ka,Katreeya,kgn,135,12290
sdom2291,takeover,mizz nina,kgn,124,12291
sdom2292,SOS団ラジオ支部ed_運命的事件の幸,涼宮ハルヒの憂鬱,kgn,157,12292
sdom2294,on the floor,jennifer lopez,kgn,130,12294
sdom2295,哈利路亞,rurutia,kgn,94,12295
sdom2296,a cha,super junior,kgn,125,12296
sdom2297,oops!,super junior,kgn,153,12297
sdom2298,風待ちジェット,Tsubasa翼2,kgn,109,12298
sdom2299,青空のナミダ,Blood+高橋 瞳,kgn,175,12299
sdom2300,アニメサントラ,Chevalier騎士,kgn,80,12300
sdom2301,モザイクカケラ,code geass反叛的魯路修,kgn,130,12301
sdom2302,また あした,Every Little Thing,kgn,90,12302
sdom2303,黑い涙,土屋安娜,kgn,79.9,12303
sdom2304,Do-Dai,THE IDOLM@STER,kgn,171,12304
sdom2305,かえして! ニーソックス,らき☆すた,kgn,180,12305
sdom2306,Harmonies,不公正抽籤,kgn,110,12306
sdom2307,Sweetest,草莓狂熱,kgn,178,12307
sdom2308,くちびる白昼夢,草莓狂熱,kgn,145,12308
sdom2309,射手座☆午後九時Don’t be late,超時空要塞,kgn,165,12309
sdom2310,夢想歌,傳頌之物,kgn,134,12310
sdom2311,最強○×計畫,地上最強新娘,kgn,176,12311
sdom2312,寶石(井上麻裡奈),柯賽特的肖像,kgn,128,12312
sdom2313,1000％SPARKING,魔法老師II,kgn,180,12313
sdom2314,晴れ時計,魔界奇兵,kgn,109,12314
sdom2315,shiny smile,天海春香萩原雪歩　秋月律子,kgn,170,12315
sdom2316,讓我們就這樣愛著吧（Apink）,A Pink,kgn,156,12316
sdom2317,Maximum,東方神起,kgn,85,12317
sdom2318,dream scape,Tsubasa翼2,kgn,90,12318
sdom2319,あい,不公正抽籤,kgn,120,12319
sdom2320,分手的方法,曹圭賢,kgn,70,12320
sdom2321,Time Is (L)over,張佑赫,kgn,128,12321
sdom2322,she,東方神起,kgn,66,12322
sdom2323,夜空中,After School Red,kgn,130,12323
sdom2324,君の知らない物語,化物語,kgn,165,12324
sdom2325,The Boys,少女時代,kgn,115,12325
sdom2355,最炫民族風,鳳凰傳奇,kgn,127,12355
sdom2376,君の神話～アクエリオン第二章,AKINO,kgn,164,12376
sdom2377,La-Di Da-Di,CROSS GENE,kgn,128,12377
sdom2378,Wanna,Kara,kgn,161,12378
sdom2379,shake it up!,kis-my-ft2,kgn,130,12379
sdom2380,華鳥風月,senya,kgn,123,12380
sdom2381,向全世界宣佈我愛你,孫子涵 李瀟瀟,kgn,110,12381
sdom2382,雪,杜雯媞,kgn,110,12382
sdom2383,燃點,胡夏,kgn,124,12383
sdom2384,I Love You More Than My Soul,樸奎利,kgn,138,12384
sdom2385,Happy Ending,樸宰範,kgn,125,12385
sdom2386,Flashback,After School,kgn,130,12386
sdom2387,未来への咆哮,JAM Project,kgn,140,12387
sdom2388,キミにささげる あいのマホウ,ダ?カーポIII,kgn,91,12388
sdom2389,白月光,張信哲,kgn,75,12389
sdom2390,狂草,韓庚,kgn,100,12390
sdom2391,告白,平井堅,kgn,115,12391
sdom2392,對不起,樸正炫,kgn,85,12392
sdom2393,インモラリスト,堀江由衣,kgn,93,12393
sdom2394,考試什麼的都去死吧,徐良,kgn,85,12394
sdom2395,Zzz,佐咲紗花,kgn,154,12395
sdom2396,Volume Up,minute,kgn,130,12396
sdom2397,Love Is Energy,CHICHI,kgn,126,12397
sdom2398,像最初一樣【I Do I Do OST】,Eden,kgn,128,12398
sdom2399,HISTORY,EXO-K,kgn,111,12399
sdom2400,Love,f(x),kgn,125,12400
sdom2401,抱我一次,Girl's Day,kgn,135,12401
sdom2402,Boyfriend,Justin Bieber,kgn,97,12402
sdom2403,西瓜BABY,Not yet,kgn,162,12403
sdom2404,桃花扇,汪蘇瀧,kgn,130,12404
sdom2405,白い雪のプリンセスは,初音未來,kgn,200,12405
sdom2406,Lead Me,SISTAR,kgn,98,12406
sdom2407,DAY BY DAY,T-ara,kgn,118,12407
sdom2408,HOLIDAY,T-ara,kgn,112,12408
sdom2409,我愛遊戲,T-ara,kgn,160,12409
sdom2410,終わりの世界から,麻枝準,kgn,148,12410
sdom2411,深愛,水樹奈奈,kgn,134,12411
sdom2412,時空サファイア,水樹奈奈,kgn,170,12412
sdom2413,釋放自己,潘瑋柏,kgn,128,12413
sdom2414,"Sexy, Free & Single",Super Junior,kgn,115,12414
sdom2415,I Love You,2NE1,kgn,125,12415
sdom2416,Listen To The Rain,w-inds,kgn,110,12416
sdom2417,BUBIBU,A pink,kgn,118,12417
sdom2418,Start It Again,Aziatix,kgn,123,12418
sdom2419,Chase the world,May'n,kgn,170,12419
sdom2420,PONPONPON,またはきゃりーぱみゅぱみゅ,kgn,128,12420
sdom2421,ANDROID,東方神起,kgn,120,12421
sdom2422,大人ジェリービーンズ,渡邊麻友,kgn,157,12422
sdom2423,BLINK,東方神起,kgn,117,12423
sdom2424,BRIGHT STREAM,水樹奈奈,kgn,158,12424
sdom2425,Butterfly,Jessica (少女時代),kgn,130,12425
sdom2426,Get Up,Nine Muses,kgn,120.1,12426
sdom2427,Spending all my time,Perfume,kgn,130,12427
sdom2428,江南style,Psy,kgn,132,12428
sdom2429,UNCOMMITTED,金俊秀,kgn,134,12429
sdom2430,fortissimo -the ultimate crisis,Fripside,kgn,145.5,12430
sdom2431,One More Night,Maroon 5,kgn,93,12431
sdom2432,Tarantallegra,金俊秀,kgn,120,12432
sdom2433,ANYMORE,徐仁英,kgn,128,12433
sdom2434,Spy,Super Junior,kgn,115,12434
sdom2435,愛情闖進門,BY2,kgn,95,12435
sdom2436,沒有男人也能好好的,miss A,kgn,156,12436
sdom2437,Catch Me,東方神起,kgn,128,12437
sdom2438,你的名作,輝星,kgn,130,12438
sdom2439,我們在改變,魏晨,kgn,125,12439
sdom2440,V SPACE,魏晨,kgn,128,12440
sdom2441,Look At Me,Jewelry,kgn,128,12441
sdom2442,crossing field,Lisa（リサ）,kgn,179,12442
sdom2443,君のCW,チームサプライズ,kgn,174,12443
sdom2444,小叮噹,孫佳仁,kgn,120,12444
sdom2445,潛靈暗湧,I.S,kgn,154,12445
sdom2446,惡靈暗湧,S.S,kgn,155,12446
sdom2447,Crying in the Dark,SeasonFinal,kgn,199,12447
sdom2448,Extra 1st is ミユグ,SeasonXXX,kgn,150,12448
sdom2449,Extra 2nd is エルの天秤,SeasonXXXXX,kgn,156,12449
sdom2450,Extra 3rd is Crimson Dead Techni,SeasonXXXXX,kgn,138.87,12450
sdom2451,Liberating prayer !!,SeasonⅫ,kgn,180,12451
sdom2452,イノセントステイン,SeasonⅩ,kgn,151,12452
sdom2453,Jul.Dream,SeasonⅪ,kgn,180,12453
sdom2454,Where...,SeasonⅨ,kgn,140,12454
sdom2455,Over the sky,SeasonⅧ,kgn,140,12455
sdom2456,Air Trancer,SeasonⅦ,kgn,140,12456
sdom2457,Reflection,SeasonⅥ,kgn,132,12457
sdom2458,Bloody Brand,SeasonⅤ,kgn,90,12458
sdom2459,Scarlet Blow,SeasonⅣ,kgn,165,12459
sdom2460,blending rotation,SeasonⅢ,kgn,180,12460
sdom2461,Oriental Wind,SeasonⅡ,kgn,137,12461
sdom2462,Executioner,SeasonⅠ,kgn,145.31,12462
sdom2463,空冥之嘆,DM ashura,kgn,128,12463
sdom2464,贖罪,Euphoreon,kgn,204,12464
sdom2465,LET'S GO OUT,AMOYAMO,kgn,178,12465
sdom2466,走過,B1A4,kgn,133,12466
sdom2467,花又開好了,S.H.E,kgn,117,12467
sdom2468,Song 4 u,濱崎步,kgn,128,12468
sdom2469,重口味,陳奕迅,kgn,150,12469
sdom2470,Climactic Cry,少女病,kgn,140,12470
sdom2471,FLOWER POWER,少女時代,kgn,118,12471
sdom2473,福爾摩斯,蕭敬騰,kgn,127,12473
sdom2474,意気地なしマスカレード,指原莉乃,kgn,137,12474
sdom2475,Luv Me,D-Unit,kgn,95,12475
sdom2476,Where Is My Love,STi,kgn,102,12476
sdom2477,HIGH歌,黃齡,kgn,108,12477
sdom2478,Maker,盧志勳,kgn,90,12478
sdom2479,queen,孫丹菲,kgn,126,12479
sdom2480,冷,Epik High,kgn,112,12480
sdom2481,Ice Cream,金泫雅,kgn,120,12481
sdom2482,1'2'3'4,李夏怡,kgn,116,12482
sdom2483,我受罰,盧志勳,kgn,115,12483
sdom2484,Beep Beep,少女時代,kgn,144,12484
sdom2485,发飆(终极王者版),Spexial,kgn,92.5,12485
sdom2486,Playing With Fire,Darin,kgn,127,12486
sdom2487,Don't Forget Me,Girl's Day,kgn,134,12487
sdom2488,Popular Song (feat. Ariana Grand,Mika,kgn,99,12488
sdom2489,If You Love Me (Feat.樸宰範),N.S允智,kgn,170,12489
sdom2490,要瘋了,Teen Top,kgn,140,12490
sdom2491,feat. 阿悄,本兮 - 無限速,kgn,160,12491
sdom2492,LIPSTICK,橙子焦糖,kgn,126,12492
sdom2493,即刻出發,吉克雋逸,kgn,80,12493
sdom2494,Missing You,權志龍,kgn,123,12494
sdom2495,You And Me,Andy,kgn,90,12495
sdom2496,雨聲,B.A.P,kgn,98,12496
sdom2497,5 My Baby,Beast、Apink,kgn,120,12497
sdom2498,Last Farewell,Big Bang,kgn,135,12498
sdom2499,謊言,Big Bang,kgn,125,12499
sdom2501,想怎樣,Big Bang,kgn,128,12501
sdom2502,OH BABY,Big Bang,kgn,110,12502
sdom2503,Without You,Blue,kgn,190,12503
sdom2504,那樣的你,BoA,kgn,100,12504
sdom2505,Bingo,Turtles,kgn,135,12505
sdom2506,Electric Shock,F X,kgn,125,12506
sdom2507,I'm Yesterday,Jw、namolla Family,kgn,92,12507
sdom2508,他算什麼,MYNAME,kgn,130,12508
sdom2509,Beep Beep,少女時代,kgn,144,12509
sdom2510,MINIMANIMO,Tiny-G,kgn,110,12510
sdom2511,任性情人,王心凌,kgn,127,12511
sdom2512,Promise You,Super Junior K.R.Y.,kgn,136,12512
sdom2513,Love Song,神話,kgn,122,12513
sdom2514,I'M NOT OK,文熙俊,kgn,128,12514
sdom2515,憂傷旋律(Torrent mix),B0UNC3,kgn,157,12515
sdom2516,Phase 2,DM Ashura,kgn,150,12516
sdom2517,Harajuku Girls,Gwen Stefani,kgn,114,12517
sdom2518,Dr Feel Good,RaNia,kgn,124,12518
sdom2519,卡農(Techno Remix),Steven Lin,kgn,130,12519
sdom2520,超級奇蹟,玩家原創,kgn,168,12520
sdom2521,Crystal World,Wa. remixed celas,kgn,180,12521
sdom2522,Pure in Asia,東方,kgn,160,12522
sdom2523,冷たい部屋、一人,小松未可子,kgn,80,12523
sdom2524,刀鋒偏冷,李宇春,kgn,96.9,12524
sdom2525,Rose-1,cornandbeans,kgn,175,12525
sdom2526,Euphorium,DM Ashura,kgn,158,12526
sdom2527,Crossing Those Hills,FF9,kgn,100,12527
sdom2528,放開心靈,Red Pulse,kgn,144,12528
sdom2529,貴族4,SHK,kgn,140,12529
sdom2530,V.C-金星狂歡-,玩家原創,kgn,185,12530
sdom2531,Love,Wolf.R,kgn,100,12531
sdom2532,Necro Fantasy,東方,kgn,164,12532
sdom2533,That's Miko Reimu,IOSYS,kgn,150,12533
sdom2534,Try,P!nk,kgn,104,12534
sdom2535,KISSY KISSY,Smile,kgn,138,12535
sdom2536,自己呀,樸株會,kgn,140.83,12536
sdom2537,Close Your Eyes,澤野弘之,kgn,147,12537
sdom2538,Breaking The Habit,Linkin Park,kgn,100,12538
sdom2539,Emerald_sword,Alex Staropoli,kgn,180,12539
sdom2540,S.S-惡靈暗湧-,Kinato,kgn,155,12540
sdom2541,貴族5,SHK,kgn,140,12541
sdom2542,EOS,ginkiha,kgn,175,12542
sdom2543,地震,KAZE.o2SE,kgn,150,12543
sdom2544,La grand bleu,DJ-EZ2DJ,kgn,164,12544
sdom2545,Child In Paradise,maksim,kgn,128,12545
sdom2546,Kinato Ymir,nato,kgn,170,12546
sdom2547,黑洞8,PLight,kgn,170,12547
sdom2548,Bird Sprite(D.K.R.mix),ツナマヨちゃん,kgn,146,12548
sdom2549,穿越時空的愛戀,Brandy,kgn,160,12549
sdom2550,Baby,Justin Bieber,kgn,130,12550
sdom2551,Gentleman,Psy,kgn,126,12551
sdom2552,深海少女,初音未來,kgn,137,12552
sdom2553,Blue Bird,ikimono gakari,kgn,152.11,12553
sdom2554,Flower Dance,Dj Okawari,kgn,100,12554
sdom2555,克羅埃西亞狂想曲,maksim,kgn,96,12555
sdom2556,Uranus,Tatsh SN2 Style,kgn,162,12556
sdom2557,Broken,dj TAKA Feat. AiMEE,kgn,148,12557
sdom2558,赤訊號,Kevin.o2S,kgn,150,12558
sdom2559,向日葵の記憶,Innocent Key,kgn,145,12559
sdom2560,爆發！櫻桃紅唇之吻！,KOTOKO,kgn,140,12560
sdom2561,Trouble is friend,Lenka,kgn,118,12561
sdom2562,she is my sin,nightwish,kgn,153,12562
sdom2563,幻想境界,Red Pulse,kgn,144,12563
sdom2564,RED ZONE,Tatsh & Naoki,kgn,165,12564
sdom2565,白の魔法の光,圮鬲堝蚊,kgn,200,12565
sdom2566,Mellow Melody,CEUI,kgn,105,12566
sdom2567,Joker,D.J.Nero,kgn,184,12567
sdom2568,海洋之心,Yamajet,kgn,174,12568
sdom2569,憂傷的聖誕節,BeautifulDay,kgn,141,12569
sdom2570,Rainbow Tylenol,Kitsune^2,kgn,135,12570
sdom2571,仿如夢境,Deen,kgn,110.25,12571
sdom2572,Luv Letter,Dj Okawari,kgn,95,12572
sdom2573,Lunatic Sky,m2u,kgn,160,12573
sdom2574,魅惑鋼琴,R.M.X,kgn,144,12574
sdom2575,甩蔥DJ版,初音未來,kgn,125,12575
sdom2576,祝你聖誕快樂,玩家原創,kgn,189.33,12576
sdom2577,貝多芬的悲傷,蕭風,kgn,87.5,12577
sdom2578,Live It Up,Owl City,kgn,122,12578
sdom2579,Breath,金俊秀,kgn,120,12579
sdom2580,Shake It Up,KARA,kgn,135,12580
sdom2581,"Have, Don't Have",Dal★shabet,kgn,123,12581
sdom2582,女力,溫嵐,kgn,140,12582
sdom2583,愛投羅網,羅志祥,kgn,128,12583
sdom2584,Carry You(Remix),Union J,kgn,126,12584
sdom2585,第六十一分鐘,羅志祥,kgn,135,12585
sdom2586,Super Style,Spexial,kgn,132,12586
sdom2587,Empire State Glory,Dirty Androids,kgn,173,12587
sdom2588,Here We Go,Hard Rock Sofa,kgn,128,12588
sdom2589,Blind Love,CNBLUE,kgn,115,12589
sdom2590,Tell Me Love,HISTORY,kgn,132,12590
sdom2591,片想い。~リナリア~,Sonar Pocket,kgn,128,12591
sdom2592,感覺特別,胡彥斌、郭凌霞,kgn,89,12592
sdom2593,All For You,徐仁國、鄭恩地,kgn,104,12593
sdom2594,LOVE DAY,梁耀燮、鄭恩地,kgn,120,12594
sdom2595,我們相愛可以嗎,孫佳仁、趙權,kgn,118,12595
sdom2596,肩上蝶,金志文、湯曉菲,kgn,118,12596
sdom2597,Love Again,3rd Coast,kgn,128,12597
sdom2598,Let It Go(冰雪奇緣),Idina Menzel,kgn,137,12598
sdom2599,Way,Kara,kgn,171,12599
sdom2600,如果天還沒黑,星弟,kgn,140,12600
sdom2601,Change,Churchill,kgn,120,12601
sdom2602,LADIES,ICONIQ,kgn,176,12602
sdom2603,Replay,Raffaella Carra,kgn,128,12603
sdom2604,To Me,Rainbow,kgn,128,12604
sdom2605,In,Simple Plan,kgn,148,12605
sdom2606,ALONE,U-KISS,kgn,170,12606
sdom2607,Real Love,U-KISS,kgn,131,12607
sdom2608,後遺症,ZE_A,kgn,143,12608
sdom2609,The Dirty of Loudness,狂熱節拍,kgn,165,12609
sdom2610,舞魂再現,羅志祥,kgn,128,12610
sdom2611,成為魔女的理由,N.S允智,kgn,115,12611
sdom2612,Music Makes One,具俊燁,kgn,127,12612
sdom2613,Bad Apple!!(Remix),nomico,kgn,170,12613
sdom2614,The Creator,妖精帝國,kgn,140,12614
sdom2615,La Song,Rain,kgn,120,12615
sdom2616,Victory Korea,Super Junior,kgn,130,12616
sdom2617,1004,B.A.P,kgn,127,12617
sdom2618,Canon DJ,Beethoven,kgn,143,12618
sdom2619,Crush,2NE1,kgn,130,12619
sdom2620,Butterflies,Zendaya,kgn,154,12620
sdom2621,Meet Her At Loveparade,DJ Aligator,kgn,140,12621
sdom2622,再見,孝琳,kgn,80,12622
sdom2623,Bungee Jump,U-KISS,kgn,128.05,12623
sdom2624,入陣曲,五月天,kgn,120,12624
sdom2625,今天做什麼,4minute,kgn,133,12625
sdom2626,Bailando,Enrique Iglesias,kgn,91,12626
sdom2627,marry the night,adam lambert,kgn,133,12627
sdom2628,短裙_Miniskirt,AOA（韓國）,kgn,120,12628
sdom2629,Kids Again(Radio Edit),Example,kgn,128,12629
sdom2630,Something,Girl's Day,kgn,108,12630
sdom2631,像星星一樣,K.Will,kgn,96,12631
sdom2632,My Destiny,Lyn,kgn,128,12632
sdom2633,Sha La La,Maria Sagana,kgn,93,12633
sdom2634,MIRACLE,MYNAME,kgn,142,12634
sdom2635,想神馬有神馬 (feat. 吳莫愁),李代沫;吳莫愁,kgn,122,12635
sdom2636,夜空中最亮的星,逃跑計劃,kgn,108,12636
sdom2637,離開他,Ailee,kgn,130,12637
sdom2638,Problem,Ariana Grande,kgn,103,12638
sdom2639,Eiforya,Armin,kgn,140,12639
sdom2640,Here With You,Asher Book,kgn,130,12640
sdom2641,Action,BoA,kgn,128,12641
sdom2642,I Love My People,Eddie Wata,kgn,130,12642
sdom2643,We Are Giants,Lindsey,kgn,128,12643
sdom2644,Eifersucht,Rammstein,kgn,130.1,12644
sdom2645,Can't Remember To Forget You,Shakira,kgn,138,12645
sdom2646,La La La (Brazil 2014),Shakira,kgn,128,12646
sdom2647,Dragon Rider,Two Steps,kgn,160,12647
sdom2648,蝶,V6樂隊,kgn,117.1,12648
sdom2649,アパッショナート,水樹奈奈,kgn,193,12649
sdom2650,快到我碗裡來,王麟,kgn,124,12650
sdom2651,波爺,曾志偉,kgn,116,12651
sdom2652,小蘋果 (電影《老男孩猛龍過江》宣,筷子兄弟,kgn,125,12652
sdom2653,緣分,Mi2,kgn,72,12653
sdom2654,愛不愛我,大嘴巴,kgn,96,12654
sdom2655,打呼,潘瑋柏,kgn,124,12655
sdom2656,愛情呼救999,弦子,kgn,97,12656
sdom2657,他的貓,徐良,kgn,86.5,12657
sdom2658,Nowhere Near,Blake Reary,kgn,175,12658
sdom2659,Rainbow,Blake Reary,kgn,150,12659
sdom2660,Hey Mr,Crayon Pop,kgn,144,12660
sdom2661,Your Captain Tonight,Elena,kgn,128,12661
sdom2662,Crystallize,Kylie,kgn,118,12662
sdom2663,Dame,Natalia,kgn,128,12663
sdom2664,Action,NINE MUSES,kgn,130,12664
sdom2665,XOXO,濱崎步,kgn,128,12665
sdom2666,英仙座,島谷瞳,kgn,142.8,12666
sdom2667,Shake Your Body,郭富城&羅志祥,kgn,126,12667
sdom2668,誰Control,韓庚,kgn,133,12668
sdom2669,ロミオとシンデレラ,花たん,kgn,170,12669
sdom2670,婚禮進行曲,門德爾松,kgn,99.9,12670
sdom2671,王者之聲,潘瑋柏,kgn,135,12671
sdom2672,Nightmare,Artists,kgn,134.25,12672
sdom2673,Hungover You,bella,kgn,140,12673
sdom2674,Light Em Up,Fall Out Boy,kgn,152,12674
sdom2675,Bonfire,Knife Party,kgn,87,12675
sdom2676,Maps,Maroon 5,kgn,120,12676
sdom2677,戰神,MP魔幻力量,kgn,130,12677
sdom2678,OMG,Ruslan Nigmatullin,kgn,128,12678
sdom2679,春よ、来い,sama,kgn,95,12679
sdom2680,But I Love U,SISTAR,kgn,124,12680
sdom2681,OK GO!,SISTAR,kgn,128,12681
sdom2682,青春修煉手冊,TFBOYS,kgn,130,12682
sdom2683,Glow In the Dark,The Wanted,kgn,126,12683
sdom2684,The Freak Show,Various,kgn,143,12684
sdom2685,YUME,吉田兄弟,kgn,135,12685
sdom2686,英雄野望,吴克羣,kgn,128,12686
sdom2687,Winter Games,2PM,kgn,134,12687
sdom2688,YOU ARE MY GIRL,B1A4,kgn,140,12688
sdom2689,Pump It,Bond,kgn,153,12689
sdom2690,Sign,Brown Eyed Girls,kgn,134,12690
sdom2691,black bullet,fripSide,kgn,155,12691
sdom2692,Mamma Mia!,KARA,kgn,128,12692
sdom2693,Trouble,Neon Jungle,kgn,128,12693
sdom2694,U Beauty,100%,kgn,125,12694
sdom2695,Lucky Wannabeee!,T-ara,kgn,130,12695
sdom2696,Tonight,Union J,kgn,112,12696
sdom2697,Good Boy,白智英;龍俊亨（Beast）,kgn,130,12697
sdom2698,江南街,橙子焦糖,kgn,140,12698
sdom2699,reunion,狂熱節拍,kgn,184,12699
sdom2700,飛簷走壁,徐海星,kgn,130,12700
sdom2701,With You,周筆暢,kgn,120,12701
sdom2702,Never Close Our Eyes,Adam Lambert,kgn,135,12702
sdom2703,17,Avril Lavigne,kgn,140,12703
sdom2704,TicToc,Belanova,kgn,132,12704
sdom2705,Til It's Gone,Britney Spears,kgn,128,12705
sdom2706,Beautiful Day,G.NA,kgn,113,12706
sdom2707,Timing,Girl's Day,kgn,126,12707
sdom2708,We Run the Night,Havana Brown,kgn,127,12708
sdom2709,Wild,NINE MUSES,kgn,133,12709
sdom2710,Play 我呸,蔡依林,kgn,200,12710
sdom2711,MASAYUME CHASING,BoA,kgn,129,12711
sdom2712,Pretty,breeze,kgn,128,12712
sdom2713,美妙的寂寞,Eva,kgn,130,12713
sdom2714,Yasisi,N.S允智,kgn,100,12714
sdom2715,Mirrors,Natalia Kills,kgn,130,12715
sdom2716,Fireflies,Owl City,kgn,90,12716
sdom2717,未來先見,吴克羣,kgn,126,12717
sdom2718,大大的擁抱,A-Lin,kgn,154,12718
sdom2719,Piesa mea preferata,Vescan,kgn,92,12719
sdom2720,Never Know,西野加奈,kgn,90,12720
sdom2721,Bbibbi,Queen B'Z,kgn,126,12721
sdom2722,FEEL IT,U-KISS,kgn,120,12722
sdom2723,Shape of your heart,U-KISS,kgn,123,12723
sdom2724,約會對白,孫子涵,kgn,123,12724
sdom2725,永遠フレンズ,新田恵海,kgn,156,12725
sdom2726,禁断のレジスタンス,水樹奈々,kgn,180,12726
sdom2727,Sweet Talk,Samantha Jade,kgn,114.9,12727
sdom2728,Blue,Big Bang,kgn,125.03,12728
sdom2729,BAD MAMA JAMA,BIGFLO,kgn,120,12729
sdom2730,那,Mi2,kgn,113,12730
sdom2731,Lie,N.SONIC,kgn,128,12731
sdom2732,Reset,N.SONIC,kgn,132,12732
sdom2733,Run & Run,N.SONIC,kgn,104,12733
sdom2734,She`s Bad,Natthew,kgn,128,12734
sdom2735,Shalala Ring,NU'EST,kgn,134,12735
sdom2736,Mi Amor,赤西仁,kgn,128,12736
sdom2737,After School,Diva,kgn,130,12737
sdom2738,Ma Boy 2,Electroboyz,kgn,95,12738
sdom2739,Hot Summer,F(x),kgn,123,12739
sdom2740,Beauty And A Beat,Justin Bieber、Nicki Minaj,kgn,128,12740
sdom2741,Action,NU’EST,kgn,103,12741
sdom2742,EYES,TaeTiSeo,kgn,103,12742
sdom2743,Lamb,GARNiDELiA,kgn,131,12743
sdom2744,Marry Me,金承熙,kgn,117,12744
sdom2745,愛的鼓勵,林俊杰,kgn,160,12745
sdom2746,鞋子特大號,周杰倫,kgn,108,12746
sdom2747,心跳,Infinite F,kgn,140,12747
sdom2748,Crystal,Apink,kgn,137,12748
sdom2749,Rainbow Rose,姜智英,kgn,124,12749
sdom2750,Mayday,Oran G,kgn,124,12750
sdom2751,Loving U,SISTAR,kgn,125,12751
sdom2752,Why So Serious,SHINee,kgn,110,12752
sdom2753,Don't flirt,2WINNER,kgn,90,12753
sdom2754,Someday,IU,kgn,100,12754
sdom2755,愛情如此簡單,namolla family,kgn,98,12755
sdom2756,コイノシルシ,悠木碧,kgn,165,12756
sdom2757,チョコの奴隶,Ske48,kgn,137,12757
sdom2758,HOT SUN,金賢重,kgn,180,12758
sdom2759,TWINKLE TWINKLE,Secret,kgn,192,12759
sdom2760,誰も知らない,嵐,kgn,142,12760
sdom2761,大切な宝物,ちょうちょ,kgn,152,12761
sdom2762,星光月光,secret,kgn,130,12762
sdom2763,Take My Hand,GOT7,kgn,98,12763
sdom2764,10分鐘前,Boyfriend,kgn,128,12764
sdom2765,Back To Earth,Steve Aoki,kgn,140,12765
sdom2766,Sugar,Maroon 5,kgn,120,12766
sdom2767,Pray to God,Calvin Harris,kgn,123,12767
sdom2768,Immortals,Fall Out Boy,kgn,108,12768
sdom2769,Five More Hours,Deorro,kgn,128,12769
sdom2770,Understatement,Kristina,kgn,115,12770
sdom2771,Tonight Again,Guy Sebastian,kgn,106,12771
sdom2772,Crazy,4minute,kgn,88,12772
sdom2773,Blue Skies,Lenka,kgn,110,12773
sdom2774,Pepe,CLC,kgn,130,12774
sdom2775,R.A.D.I.U.S,Camellia,kgn,140,12775
sdom2776,Doom Doom,MC夢,kgn,126,12776
sdom2777,This,Frankmusik,kgn,100,12777
sdom2778,Black hole,U-KISS,kgn,141,12778
sdom2779,Verge,Owl City&Aloe Blacc,kgn,128,12779
sdom2780,Believe,機動戰士高達,kgn,145,12780
sdom2781,Borders,Ramzoid,kgn,151,12781
sdom2782,子時,孫子涵,kgn,130,12782
sdom2783,Another You,Armin van Buuren、Mr. Probz,kgn,128,12783
sdom2784,Baboy,Sebastian Castro,kgn,130.89,12784
sdom2785,Nobody Knows,Darin,kgn,132,12785
sdom2786,DJ Got Us Fallin' In Love,Usher,kgn,120,12786
sdom2787,Here It Is,Flo Rida,kgn,123,12787
sdom2788,Tiger,R3hab,kgn,128,12788
sdom2789,Beautiful to Me,Olly Murs,kgn,125,12789
sdom2790,我管你,華晨宇,kgn,92,12790
sdom2791,Beautiful Now,Zedd、Jon Bellion,kgn,128,12791
sdom2792,聽,方大同,kgn,88,12792
sdom2793,Turn It Up,Grum,kgn,126,12793
sdom2794,電動王,麻吉弟弟,kgn,110,12794
sdom2795,Ain't Got Far To Go,Jess Glynne,kgn,144,12795
sdom2796,Touch My Body,Mariah Carey,kgn,78.5,12796
sdom2797,Bitch Better Have My Money,Karmin,kgn,120,12797
sdom2798,Somebody,Natalie La Rose,kgn,105,12798
sdom2799,I Am,Leona Lewis,kgn,116,12799
sdom2800,CAN'T WAIT TO LOVE YOU,Beast,kgn,130,12800
sdom2801,Strip It Down,Luke Bryan,kgn,138,12801
sdom2802,Amaranth,Nightwish,kgn,128,12802
sdom2803,Shine,Years & Years,kgn,108,12803
sdom2804,On My Own,Ashes Remain,kgn,88,12804
sdom2805,Stayin Out All Night,Wiz Khalifa、Fall Out Boy,kgn,75,12805
sdom2806,Lights,Hurts,kgn,96,12806
sdom2807,I'm In Love With A Monster,Fifth Harmony,kgn,145,12807
sdom2808,Tom's Diner,Suzanne Vega,kgn,100,12808
sdom2809,Million Tears,Groove Coverage,kgn,128,12809
sdom2810,I Wish I Was,Zedd、Flo Cole,kgn,128,12810
sdom2812,戀愛多一點,花澤香菜,kgn,120,12812
sdom2813,壁咚,O2o Goddess,kgn,138,12813
sdom2814,Should've Been Us,Tori Kelly、Jeremih,kgn,90,12814
sdom2815,Hourglasss,Disclosure、LION BABE,kgn,122,12815
sdom2816,無所不在,吳莫愁,kgn,132,12816
sdom2817,Comsic Ride,Befour,kgn,132,12817
sdom2818,3,Britney Spears,kgn,135,12818
sdom2819,女神幻想曲,Miss Like,kgn,100,12819
sdom2820,Gimme Gimme Luv,板野友美,kgn,128,12820
sdom2821,SummerThing!,Pitbull、Afrojack、Mike Taylor,kgn,130,12821
sdom2822,看透,蔡妍、許仁昌,kgn,132,12822
sdom2823,Hand in Hand,初音未來、livetune,kgn,128,12823
sdom2824,愛を叫べ,嵐,kgn,142,12824
sdom2825,我的天,權志龍、太陽、黃光熙,kgn,107,12825
sdom2826,Without You,Beast,kgn,92,12826
sdom2827,PUPPY(Korean Ver.),FTISLAND,kgn,122,12827
sdom2828,Back Together,Nicki Minaj、Robin Thicke,kgn,118,12828
sdom2829,I Wanna Get Better,Bleachers、Tinashe,kgn,95,12829
sdom2830,Lion Heart,少女時代,kgn,125,12830
sdom2831,Girl A,Alexandros,kgn,135,12831
sdom2832,Go Big Or Go Home,American Authors,kgn,122,12832
sdom2833,Freak,Jay Sean,kgn,128,12833
sdom2834,Burn Slow,Wiz Khalifa,kgn,125,12834
sdom2835,Levels,Nick Jonas,kgn,102,12835
sdom2836,Doar Cu Tine,Activ,kgn,126,12836
sdom2837,Heart Attack,AOA,kgn,126,12837
sdom2838,LOSER,BIGBANG,kgn,90,12838
sdom2839,One Step At A Time,Jordin Sparks,kgn,102.01,12839
sdom2840,Like Ooh-Ahh,Twice,kgn,142,12840
sdom2841,Dying For You,Otto Knows,kgn,122,12841
sdom2842,La Mordidita,Ricky Martin,kgn,142.01,12842
sdom2843,Platonic Love,SNUPER,kgn,148,12843
sdom2844,Doo Be Di Boy,Smile,kgn,138,12844
sdom2845,El Mismo Sol,Jennifer Lopez、Alvaro Soler,kgn,113,12845
sdom2846,Believe It,Cimorelli,kgn,128,12846
sdom2847,Oops Jaime Pas Langlais,Gullia,kgn,104.34,12847
sdom2848,You’ll Be Mine,Havana Brown,kgn,127,12848
sdom2849,The Original High,Adam Lambert,kgn,123,12849
sdom2850,Johnny,Ailee,kgn,120,12850
sdom2851,Magnets,Disclosure、Lorde,kgn,92,12851
sdom2852,Around U,Ellie Goulding,kgn,83,12852
sdom2853,So Crazy,T-ara,kgn,134,12853
sdom2854,Hold On,AXODUS、Key,kgn,128,12854
sdom2855,Hands To Myself,Selena Gomez,kgn,111,12855
sdom2856,Cool For The Summer,Demi Lovato,kgn,114,12856
sdom2857,Boys Like You,Ariana Grande,kgn,105,12857
sdom2858,Cinderella,CNBLUE,kgn,120,12858
sdom2859,Sorry,Justin Bieber,kgn,100,12859
sdom2860,Married To The Music,SHINee,kgn,106,12860
sdom2861,Different for Girls,"Dierks Bentley,Elle King",kgn,92,12861
sdom2862,One Dance,"Drake,WizKid,Kyla",kgn,104,12862
sdom2863,Unbelievable,Owl City、Hanson,kgn,118,12863
sdom2864,Player,Tinashe、Chris Brown,kgn,106,12864
sdom2865,Can't Feel My Face,The Weeknd,kgn,108.1,12865
sdom2866,I Love You,A-Peace,kgn,132,12866
sdom2867,No Holding Back,"Hardwell,Craig David",kgn,130,12867
sdom2868,Starving,Hailee Steinfeld,kgn,100,12868
sdom2869,Don't You Know,"Kungs,Jamie N Commons",kgn,120,12869
sdom2870,Winter Diary,浜崎あゆみ,kgn,110,12870
sdom2871,Let Me Hold You,Cheat Codes,kgn,103,12871
sdom2872,Je m'en fous,Ridsa,kgn,122,12872
sdom2873,ありがとう,SMAP,kgn,120,12873
sdom2874,Summer on You,Sam Feldt,kgn,126,12874
sdom2875,Sofia,Alvaro Soler,kgn,128,12875
sdom2876,Shut up!!,THE SECOND from EXILE,kgn,140,12876
sdom2877,費玉清,嘿嘿嘿,kgn,120,12877
sdom2878,Wherever You Will Go,Jay Smith,kgn,112,12878
sdom2879,I Was King,ONE OK ROCK,kgn,92,12879
sdom2880,尋找理想型,殆死悲愛,kgn,100,12880
sdom2881,marry the night,Little Glee Monster,kgn,127,12881
sdom2882,Don't Wanna Know,Maroon 5,kgn,100,12882
sdom2883,The Greatest,Sia,kgn,96,12883
sdom2884,チキンLINE,SKE48,kgn,148,12884
sdom2885,Shake Your Body,羅志祥等,kgn,126,12885
sdom2886,My Boyfriend Is Gay,Hailey Rowe,kgn,118,12886
sdom2887,Counting Stars,OneRepublic,kgn,122,12887
sdom2888,硝子の瞳,Sid,kgn,179.95,12888
sdom2889,Imprinting,削除,kgn,175,12889
sdom2890,Good Time,Jason Chen,kgn,126.5,12890
sdom2891,Youngblood,Hilary Duff,kgn,100,12891
sdom2892,Creatures Of The Night,"Hardwell,Austin Mahone",kgn,149.92,12892
sdom2893,Tiny Tiny,村川梨衣,kgn,91.02,12893
sdom2894,Payphone,"Maroon 5,Wiz Khalifa",kgn,110.02,12894
sdom2895,Swish Swish,"Katy Perry,Nicki Minaj",kgn,119.99,12895
sdom2896,Cut to the Feeling,Carly Rae Jepsen,kgn,115.02,12896
sdom2897,桃源戀歌,GARNiDELiA,kgn,131.01,12897
sdom2898,The Lazy Song,Bruno Mars,kgn,87.5,12898
sdom2899,白金ディスコ,井口裕香,kgn,117.02,12899
sdom2900,Fade,Alan Walker,kgn,90,12900
sdom2901,Stuttering,Fefe Dobson,kgn,87.99,12901
sdom2903,Smile,Dami Im,kgn,144.01,12903
sdom2904,Flow,Brittany Underwood,kgn,108.01,12904
sdom2905,Bulletproof Heart,Indian Boi,kgn,128.01,12905
sdom2906,I Can Do It,Elin Lanto,kgn,91.35,12906
sdom2907,Told You So,Christopher,kgn,120.03,12907
sdom2908,Que Sera,Justice Crew,kgn,100.03,12908
sdom2910,Sexual Healing,Elize,kgn,99,12910
sdom2911,Boys,Smile. DK,kgn,138,12911
sdom2912,Get the Party Started,P!nk,kgn,128.93,12912
sdom2913,Autumn Goodbye,Britney Spears,kgn,122.02,12913
sdom2914,Price Tag,Fréro Delavega,kgn,96.01,12914
sdom2915,Runaway,Groove Coverage,kgn,139.99,12915
sdom2916,Out of Breath,Jared Lee,kgn,108.06,12916
sdom2917,Panama,Matteo,kgn,100.02,12917
sdom2918,Cooler Than Me,Mike Posner,kgn,130.01,12918
sdom2919,Love Yourself,"Natio,Justin Bieber,Conor Mayna",kgn,100.01,12919
sdom2920,TEENAGE LIFE,Various Artists,kgn,90,12920
sdom2921,Attention,Charlie Puth,kgn,100.03,12921
sdom2922,Young,Cosmos & Creature,kgn,117,12922
sdom2923,Insomnia,Craig David,kgn,125.31,12923
sdom2924,Galway Girl,Madilyn Bailey,kgn,99.92,12924
sdom2925,When Can I See You Again？,Owl City,kgn,128,12925
sdom2926,Everybody Hurts,Avril Lavigne,kgn,101.74,12926
sdom2927,Juliet,LMNT,kgn,99.06,12927
sdom2928,I Love The Rain,Claude Kelly,kgn,120,12928
sdom2929,Tonight Tonight,Hot Chelle Rae,kgn,100.01,12929
sdom2930,Not Another Song About Love,Hollywood Ending,kgn,130.08,12930
sdom2931,Send It,"Austin Mahone,Rich Homie Quan",kgn,147.04,12931
sdom2932,"Calvin Harris,Rihanna",This Is What You Came For,kgn,123.99,12932
sdom2933,Booty Music,Deep Side,kgn,120,12933
sdom2934,Rumors,Jake Miller,kgn,120.01,12934
sdom2935,SHADOW,Stevie Hoang,kgn,160.03,12935
sdom2939,123我愛你,新樂塵符,kgn,90,12939
sdom2940,Please Don't Go,Afterfab,kgn,84.02,12940
sdom2941,佛系少女,馮提莫,kgn,128.01,12941
sdom2942,帶你去旅行,校長（張馳）,kgn,114,12942
sdom2943,海草舞,蕭全,kgn,128,12943
sdom2944,俯瞰show,BIGMAMA,kgn,100,12944
sdom2945,ピースサイン,米津玄師,kgn,100.02,12945
sdom2946,雨き声残響,すぃ,kgn,92.95,12946
sdom2947,ECHO,"れをる,茶理理",kgn,140,12952
sdom2948,Lemon (檸檬),春茶,kgn,87.06,12948
sdom2949,答案,"楊坤,郭采潔",kgn,148.03,12949
sdom2950,空も飞べるはず,さよならポニーテール,kgn,155,12950
sdom2951,俯瞰show,BIGMAMA,kgn,131,12951
sdom2952,ECHO,"れをる,茶理理",kgn,165,12952
sdom2953,SLOW DOWN,向井太一,kgn,180,12953
sdom2954,遺失的心跳,蕭亞軒,kgn,134,12954
sdom2955,空も飞べるはず,さよならポニーテール,kgn,152,12950
sdom2956,遺失的心跳,蕭亞軒,kgn,146,12954
sdom0003,不如跳舞,陳慧琳,kgn,140,10003
sdom0007,充電,李宰鎮,kgn,113,10007
sdom0008,狠狠愛,vivan,kgn,112,10008
sdom0009,禪舞不二,潘瑋泊,kgn,95,10009
sdom0011,Funky Music,james browen,kgn,108,10011
sdom0015,it’s  raining,RAIN,kgn,104,10015
sdom0016,BooM BooM Dollar,DDR,kgn,135,10016
sdom0020,希望找到,劉承俊,kgn,118,10020
sdom0022,不朽的太陽,張佑赫,kgn,106,10022
sdom0025,永遠喜歡,劉承俊,kgn,100,10025
sdom0028,幸福,H.O.T,kgn,133,10028
sdom0029,Girls on top,寶兒,kgn,110,10029
sdom0030,Bye Bye Bye,超級男孩,kgn,86.3,10030
sdom0031,BUMP FIX,M,kgn,109,10031
sdom0034,解釋男女,EZ2DANCER,kgn,86.03,10034
sdom0040,Super Dancer,9you,kgn,137.7,10040
sdom0042,One Love,平井堅,kgn,121,10042
sdom0044,Break Down!,Be For U,kgn,190,10044
sdom0045,the magic key,One-T&Cool-T,kgn,102,10045
sdom0049,Pierrot,P I U,kgn,101,10049
sdom0050,Amazing Kiss,寶兒,kgn,100.2,10050
sdom0051,HEY DUDE,神話,kgn,98,10051
sdom0053,搞怪蛙,Crazy frog,kgn,138,10053
sdom0054,我想靠近你,孫燕姿,kgn,92,10054
sdom0057,鈴兒響叮噹,chrildren,kgn,97,10057
sdom0058,聖誕歌,韓國群星,kgn,123,10058
sdom0060,Far away from home,舞動精靈,kgn,90.9,10060
sdom0061,she,舞動精靈,kgn,102,10061
sdom0062,PARANOiA(180),DDR,kgn,180,10062
sdom0064,pump it up,danzel,kgn,129,10064
sdom0065,KITCHUP,SDO,kgn,92.5,10065
sdom0067,Summer of Love,SDO,kgn,125.01,10067
sdom0068,hiphop horry,DJ Tommy,kgn,99.2,10068
sdom0070,Chi Hua Hua,SDO,kgn,90,10070
sdom0072,zips,T.M.Revolution,kgn,155,10072
sdom0074,venus,孫燕姿,kgn,126,10074
sdom0077,I could be the one,9you,kgn,133,10077
sdom0078,keep sweatin,ray j feat,kgn,106,10078
sdom0079,天下無敵,MC MONG,kgn,98.95,10079
sdom0080,come over baby,克里斯帝娜,kgn,118.9,10080
sdom0082,Max power,9you,kgn,152.3,10082
sdom0088,新年好,中國娃娃,kgn,140.9,10088
sdom0089,甜心戰士,幸田來未,kgn,155,10089
sdom0090,花與劍,J.S,kgn,120,10090
sdom0097,you-make-me-wanna,blue,kgn,79,10097
sdom0098,逆鱗,周杰倫,kgn,88,10098
sdom0101,Super Model,S.H.E,kgn,108,10101
sdom0102,fire_fly,teens,kgn,82,10102
sdom0104,二十二,陶喆,kgn,93,10104
sdom0105,Like I Love You,賈斯汀,kgn,115,10105
sdom0106,soundscape,B.O.A,kgn,142,10106
sdom0112,一年後,Brown eyes,kgn,104,10112
sdom0116,steal away,朴志胤,kgn,100.5,10116
sdom0119,兩個人,蔡研,kgn,100,10119
sdom0120,bombbud,軼名,kgn,146.56,10120
sdom0121,Def tech my way,BrotherBeatin,kgn,100,10121
sdom0126,奇蹟,寶兒,kgn,105,10126
sdom0130,假裝正經,Twins,kgn,118,10130
sdom0136,i can't go on,fir,kgn,126,10136
sdom0149,My Girl,姜成勳,kgn,108,10149
sdom0150,Show me your love,東方神起,kgn,117,10150
sdom0152,feeling good,dapumb,kgn,106.1,10152
sdom0153,Without your love,JTL,kgn,134,10153
sdom0158,Dream,Rain,kgn,126,10158
sdom0159,Addiction,寶兒,kgn,90,10159
sdom0160,MOTO,寶兒,kgn,112,10160
sdom0161,A HA,IVY,kgn,102,10161
sdom0162,PASSION,JEWERY,kgn,110,10162
sdom0163,走過來,蔡妍,kgn,98,10163
sdom0164,Question,河佑善,kgn,100,10164
sdom0165,自己呀,樸珠會,kgn,140.84,10165
sdom0166,All The Way,Craig David,kgn,103,10166
sdom0168,lose my breath,destinys child,kgn,119.02,10168
sdom0174,Pretty Lady,輝星,kgn,140,10174
sdom0176,暴風,Wannabe,kgn,112.02,10176
sdom0177,Shake it off,Mariah Carey,kgn,134,10177
sdom0181,The Game Of Love,艾微兒,kgn,119.79,10181
sdom0183,當你,王心凌,kgn,136,10183
sdom0184,想飛,任賢齊,kgn,120,10184
sdom0186,面具,安七炫,kgn,212,10186
sdom0190,Crazy,SE7EN,kgn,110,10190
sdom0192,The way U are,東方神起,kgn,108.01,10192
sdom0194,十有八九,後弦,kgn,129.87,10194
sdom0196,愛你,王心凌,kgn,100,10196
sdom0201,Secret Love,MariahCarey,kgn,89.3,10201
sdom0205,手記,Rain,kgn,99,10205
sdom0206,shake shake,陳慧琳,kgn,90,10206
sdom0207,我們的天空,李孝利,kgn,112,10207
sdom0208,舞娘,蔡依林,kgn,124.05,10208
sdom0210,NASTY,TYM,kgn,93,10210
sdom0212,Back To Your Love,Samantha,kgn,105.22,10212
sdom0213,Burn It Up,Lee Jung,kgn,99,10213
sdom0214,Sometimes,Minwoo,kgn,88,10214
sdom0216,Walk On By,布蘭妮,kgn,105,10216
sdom0219,take it to the floor,B2K,kgn,105.2,10219
sdom0220,埃及豔后,李孝利,kgn,91,10220
sdom0221,midnight girl,神話,kgn,128,10221
sdom0222,Doobob,神話,kgn,113,10222
sdom0223,your man,seven,kgn,112,10223
sdom0224,感應,張惠妹,kgn,98,10224
sdom0227,Dilemma,輝星,kgn,96,10227
sdom0228,Femme_Like_U,K'Maro,kgn,117,10228
sdom0229,傳說,文熙俊,kgn,93,10229
sdom0245,決戰二世祖,9YOU,kgn,101,10245
sdom0246,Pop Ye! Ye!,VE FtJoe&Daly,kgn,148,10246
sdom0247,Dua Dunia,T.Phat Ft S.N,kgn,95,10247
sdom0248,Kembali Senyum,Izwan Pilus,kgn,105.95,10248
sdom0249,Kenapa,Shazzy Ft VE,kgn,128,10249
sdom0251,愛拼才會贏,9U,kgn,90,10251
sdom0252,Da' Bomb,9YOU,kgn,160,10252
sdom0253,Bad Day,Daniel Powter,kgn,70,10253
sdom0254,Stupid girl,9U,kgn,100,10254
sdom0255,Beep (feat will i am),SDO,kgn,103.66,10255
sdom0256,Still Alive,BigBang,kgn,165,10256
sdom0257,快D快樂,9you,kgn,140,10257
sdom0258,Blue,BigBang,kgn,125,10258
sdom0274,Ring Ring Ring,SHE,kgn,102,10274
sdom0275,Once in a lifetime,shinhwa,kgn,75,10275
sdom0277,五分熟,yummy,kgn,110,10277
sdom0278,聚會,白智英,kgn,120,10278
sdom0281,水晶糖果,9you,kgn,107.94,10281
sdom0282,傻瓜的愛情,李俊基,kgn,115,10282
sdom0284,NOW,FinKL,kgn,118.1,10284
sdom0287,一個人的行李,戴佩妮,kgn,103,10287
sdom0288,umpoMambo,COOL,kgn,142.08,10288
sdom0289,get high,f.i.r,kgn,132.01,10289
sdom0291,She Is My Sin,Nightwish,kgn,153,10291
sdom0292,情逢敵手,蔡依林,kgn,131,10292
sdom0293,飆汗,容祖兒,kgn,116,10293
sdom0296,peerless,darin,kgn,105.01,10296
sdom0297,悲傷的騷沙舞,白智英,kgn,125,10297
sdom0300,because you live,公主,kgn,99.39,10300
sdom0302,嗆聲,羅百吉,kgn,145.07,10302
sdom0305,it's my live,bon jovi,kgn,120.64,10305
sdom0306,我的人,sg wannabe,kgn,110,10306
sdom0307,幸福的地圖,蕭亞軒,kgn,134,10307
sdom0308,shake it,張佑赫,kgn,106,10308
sdom0309,天灰灰的,周杰倫,kgn,66,10309
sdom0310,太美麗,陶喆,kgn,63,10310
sdom0312,唇唇欲動,蔡依林,kgn,125.01,10312
sdom0330,唯舞獨尊(remix串燒 ),蔡依琳,kgn,124,10330
sdom0348,雪聖誕,S.E.S,kgn,124,10348
sdom0349,Christmas in my heart,Sarah connor,kgn,120,10349
sdom0353,GOOD LOVE,tym,kgn,98.7,10353
sdom0354,Set me free,輝星,kgn,66,10354
sdom0355,Fighter,MinWoo,kgn,105.01,10355
sdom0356,cry me a river,賈斯丁,kgn,74.01,10356
sdom0396,In The Future,AsOne,kgn,115.01,10396
sdom0397,Crazy in love,Battle,kgn,102,10397
sdom0398,Bigbang,Bigbang,kgn,101.96,10398
sdom0399,雨櫻花,F.I.R,kgn,120,10399
sdom0401,On the Radio,groove coverage,kgn,128,10401
sdom0402,sitting down here,lene marlin,kgn,124,10402
sdom0406,All about us,Tatu,kgn,162,10406
sdom0409,西廂,後弦,kgn,140,10409
sdom0410,我的果汁分你一半,花兒樂隊,kgn,96,10410
sdom0411,how are you,潘瑋柏,kgn,110,10411
sdom0412,彩虹的微笑,王心凌,kgn,126,10412
sdom0414,Elva Is Back,蕭亞軒,kgn,123,10414
sdom0415,scenario,張佑赫,kgn,150,10415
sdom0439,真愛,羅百吉,kgn,148,10439
sdom0446,正反合,Dong Bang Shin Ki,kgn,115,10446
sdom0574,小心女人,9YOU,kgn,134.72,10574
sdom0575,愛是…,9you,kgn,99,10575
sdom0576,獨家試唱,鄭秀文,kgn,141,10576
sdom0577,煞科,鄭秀文,kgn,140,10577
sdom0578,比堅尼,梁詠琪,kgn,103,10578
sdom0579,小峽谷,9YOU,kgn,126,10579
sdom0580,奇洛李維斯回信,9YOU,kgn,118,10580
sdom0581,糖不甩,9you,kgn,131,10581
sdom0582,薛凱琪,薛凱琪,kgn,120,10582
sdom0583,無忌,無忌,kgn,142,10583
sdom0584,失意諒解備忘錄,9you,kgn,170,10584
sdom0585,sailor and machine gun,郭富城,kgn,97.55,10585
sdom0586,一變傾城,郭富城,kgn,132,10586
sdom0587,唱這歌,郭富城,kgn,152,10587
sdom0588,PARA PARA SAKURA,郭富城,kgn,151,10588
sdom0589,搖滾叛徒,9YOU,kgn,145,10589
sdom0590,地下街,9YOU,kgn,85,10590
sdom0591,目黑,9you,kgn,160,10591
sdom0592,不敵,不敵,kgn,81,10592
sdom0593,我們的愛,F.I.R,kgn,136,10593
sdom0594,千年之戀,飛兒樂隊,kgn,143,10594
sdom0595,無限,F.I.R,kgn,124.15,10595
sdom0596,把愛放開,F.I.R.,kgn,136,10596
sdom0985,牛仔很忙,周杰倫,kgn,248,10985
sdom1111,Electric Shock,f(x),kgn,125,11111
sdom1112,Monster,Bigbang,kgn,128,11112
sdom1113,Fanstatic Baby,Bigbang,kgn,130,11113
sdom1114,Midnight,Beast,kgn,128,11114
sdom1115,I Am The Best,2NE1,kgn,128,11115
sdom1170,Love,Brown Eyed Girls,kgn,134,11170
sdom1171,The Cradle Song,Jewelry,kgn,120,11171
sdom1172,La Papa Pingouin,嘜阿喜,kgn,125.02,11172
sdom1174,abracadabra,tiggy,kgn,138,11174
sdom1175,Melody,Tony An,kgn,84,11175
sdom1176,i like that,Namolla Family,kgn,130,11176
sdom1177,Fast Food Song,9YOU,kgn,130,11177
sdom1178,媽媽咪呀,嘜阿喜,kgn,170,11178
sdom1179,I Love You,Mighty Mouse,kgn,124.99,11179
sdom1180,H-Eugene vs MC 夢,H-Eugene,kgn,107,11180
sdom1184,Black Engine,張根錫,kgn,118,11184
sdom1185,動,吳克群,kgn,138,11185
sdom1186,L.U.V,Eugene,kgn,65,11186
sdom1187,周大俠,周杰倫,kgn,168,11187
sdom1189,It's Ok,Dj Maxwell,kgn,107,11189
sdom1190,weeeek,news,kgn,109.87,11190
sdom1192,努力吧,Riaa,kgn,106,11192
sdom1193,Don't Stop The Music,Rihana,kgn,122.7,11193
sdom1195,Express,XING-T,kgn,135,11195
sdom1196,亂世巨星,陳小春,kgn,109,11196
sdom1198,Cross,鹹素媛,kgn,142.01,11198
sdom1227,crash,matt willis,kgn,170,11227
sdom1281,Blood on Fire,Aaa,kgn,155,11281
sdom1282,ダーリン I LOVE YOU,Berryz工房,kgn,114.5,11282
sdom1284,都会っ子 纯情,℃-ute,kgn,142,11284
sdom1286,For no one,9U,kgn,135,11286
sdom1287,Show time,twenty,kgn,106,11287
sdom1288,DANDAAN,KREVA,kgn,114.1,11288
sdom1289,magic,MEG,kgn,128,11289
sdom1290,CRAZY GONNA CRAZY,T.R.F,kgn,132,11290
sdom1291,Zza Zza La,As one,kgn,123,11291
sdom1292,Ma People,LEXY,kgn,110,11292
sdom1294,night of fire,玩家原創,kgn,155.15,11294
sdom1295,RUN,神話,kgn,120,11295
sdom1297,不相信,聽Me,kgn,124,11297
sdom1300,1-1234 Back,A star,kgn,119,11300
sdom1301,Kiss Me,As One,kgn,134.01,11301
sdom1302,Adrenaline,Buga Kingz,kgn,116,11302
sdom1303,哥哥的心,Ez-Life,kgn,124,11303
sdom1304,Kiss Me,H Eugene,kgn,122,11304
sdom1307,Lucky,Wax,kgn,130,11307
sdom1308,NoNoNo,PK Heman,kgn,128,11308
sdom1310,全都噓聲,Jewelry,kgn,144,11310
sdom1346,"He Said, She Said",Ashley Tisdale,kgn,115.01,11346
sdom1347,Sexy,Babyvox,kgn,100,11347
sdom1348,Sol Flower,Baechigi,kgn,128,11348
sdom1349,DANCE DANCE,Cool,kgn,140,11349
sdom1350,Kil Gun,LMS,kgn,138,11350
sdom1351,雜耍,MC夢,kgn,100,11351
sdom1356,With U,BIGBANG,kgn,120,11356
sdom1359,Astraea,Hashimoto Miyuki,kgn,140,11359
sdom1360,捉迷藏,MC夢,kgn,140,11360
sdom1362,Alright,Rhymer,kgn,125,11362
sdom1364,離別公式,Yeon Seo,kgn,130,11364
sdom1365,今天晚上怎麼樣,Meilin,kgn,105,11365
sdom1409,天國,BigBang,kgn,128,11409
sdom1411,怎麼辦,Brown Eyed Girls,kgn,130,11411
sdom1412,Asereje,Las Ketchup,kgn,92.5,11412
sdom1413,斷念,SARA,kgn,137.01,11413
sdom1414,We can do it,Shoko Nakagawa,kgn,166,11414
sdom1416,橡皮筋,Sunny Hill,kgn,142,11416
sdom1418,Ready ot love,BEG,kgn,125,11418
sdom1419,Every Sweet Day,IU,kgn,122,11419
sdom1420,Moonlight Girl,玄英,kgn,122,11420
sdom1421,沒關係,IU,kgn,134,11421
sdom1423,要走嗎,SeeYa,kgn,127,11423
sdom1424,SolBi,Doit Doit,kgn,117,11424
sdom1426,DISCO,嚴正花,kgn,123,11426
sdom1429,每天每天,Bigbang,kgn,126,11429
sdom1432,除了愛情我什麼都不懂,Sunny Hill,kgn,132,11432
sdom1434,She The One,V,kgn,127,11434
sdom1436,我的愛,殆死悲愛,kgn,100,11436
sdom1437,辛德瑞拉,徐仁英,kgn,120,11437
sdom1439,Hung Up,Madonna,kgn,125,11439
sdom1440,愛情男女,我不管家族,kgn,130,11440
sdom1533,Winter Buttery,Foxxi misQ,kgn,108,11533
sdom1550,Eyes Say,林永俊,kgn,132,11550
sdom1556,MASURAO,DJ OZMA,kgn,132.96,11556
sdom1558,幸福條件,GIRL NEXT DOOR,kgn,132,11558
sdom1559,Nobody's Perfect,Hannah Montana,kgn,132,11559
sdom1569,Yes,Jumper,kgn,120,11569
sdom1570,Amigo,SHINee,kgn,117,11570
sdom1571,Baby Baby,ZaZa,kgn,130,11571
sdom1576,My Style,BrownEyedGirls,kgn,134,11576
sdom1577,Honey,Kara,kgn,140,11577
sdom1578,Trouble Is a Friend,Lenka,kgn,118,11578
sdom1580,NANANA,王心凌+吳克群,kgn,124,11580
sdom1582,Fantastic Girl,Yipani,kgn,130,11582
sdom1616,My Love Song,金錫民,kgn,124,11616
sdom1619,如果沒有,梁靜茹,kgn,148,11619
sdom1620,星期六的晚上,孫丹菲,kgn,127,11620
sdom1621,別打電話,我不管家族,kgn,104,11621
sdom1622,我的愛情羅曼史,我不管家族,kgn,134,11622
sdom1628,怪怪女,青鳥飛魚,kgn,150,11628
sdom1629,非常好,劉彩英,kgn,128,11629
sdom1631,心痛,7 Size,kgn,140,11631
sdom1687,Dream Girl,AfterSchool,kgn,131,11687
sdom1690,Shake You Boby,Navid,kgn,118,11690
sdom1691,Bye Bye,ShinGun,kgn,127,11691
sdom1692,Play,SS501,kgn,117.02,11692
sdom1694,Bye Bye,TaeGoon,kgn,130,11694
sdom1696,魔法般的愛,殆死悲愛,kgn,92,11696
sdom1697,墜入愛河,殆死悲愛,kgn,96,11697
sdom1701,Feat.Maboos,韓尤娜,kgn,125,11701
sdom1707,看了又看,金鐘旭,kgn,130,11707
sdom1712,只知道愛,我不管家族,kgn,102,11712
sdom1713,舞林盟主,戴雪兒,kgn,131,11713
sdom1714,feat. Speed Motion,秀彬,kgn,98,11714
sdom1734,被吸引了,我不管家族,kgn,130,11734
sdom1735,你要走了嗎,我不管家族,kgn,118,11735
sdom1744,Gloria,PK Heman,kgn,118,11744
sdom1745,一起玩吧,RooRa,kgn,109,11745
sdom1747,準備開始,T-Max,kgn,124,11747
sdom1748,新窩,飛輪海,kgn,120,11748
sdom1749,Style News,閔孝琳,kgn,127,11749
sdom1750,Hot N' Cold,凱蒂派瑞,kgn,132,11750
sdom1751,Because of you,Winds,kgn,100.92,11751
sdom1752,The Couple,One Love,kgn,128,11752
sdom1753,LUV D.N.A,MC 夢,kgn,118,11753
sdom1754,Indian Boy,MC 夢,kgn,120,11754
sdom1755,the boy i used to know,Marie Serneholt,kgn,105,11755
sdom1756,Rally,Jewelry,kgn,89,11756
sdom1771,Through My Window,Bunkface,kgn,153,11771
sdom1774,the boy does nothing,alesha dixon,kgn,174,11774
sdom1776,去吧去吧,Bigbang,kgn,120,11776
sdom1777,Suga Luv,Bizniz,kgn,125,11777
sdom1778,Abracadabra,Brown Eyed Girls,kgn,128,11778
sdom1780,Amoled,DamBi,kgn,125,11780
sdom1781,Bad Girl,Devil Angel,kgn,122.5,11781
sdom1782,Hey  Mr,Dream Girls,kgn,116,11782
sdom1785,Hot Issue,4minute,kgn,128,11785
sdom1786,Wanna,Kara,kgn,161,11786
sdom1787,我不懂,Kara,kgn,103,11787
sdom1788,again&again,2PM,kgn,127,11788
sdom1789,StraightThroighMyHeart,backstreet boys,kgn,124,11789
sdom1790,Honey Honey,Bada,kgn,160,11790
sdom1791,All I Ever Wanted,Basshunter,kgn,145,11791
sdom1796,R2Song,皇甫,kgn,130,11796
sdom1798,熱情的時代,Hint,kgn,120,11798
sdom1850,Falling U,Tiara,kgn,130,11850
sdom1868,靠近,Brown Eyed Girls,kgn,90,11868
sdom1869,銀河鐵道999,放浪兄弟,kgn,131,11869
sdom1870,致她,2AM,kgn,127,11870
sdom1872,My Color,2PM,kgn,110,11872
sdom1874,Break Down,我不管家族,kgn,125,11874
sdom1875,Sign,Brown Eyed Girls,kgn,134,11875
sdom1876,只為愛上你,S.H.E,kgn,150,11876
sdom1963,單程車票,恰萌奇,kgn,115,11963
sdom1964,RPG,恰萌奇,kgn,129,11964
sdom1966,Lacrimosa,華麗菲娜,kgn,192,11966
sdom1967,そばにいてあげる,林綾,kgn,78,11967
sdom1969,就在,張懸,kgn,125,11969
sdom1970,要我的命,楊丞琳,kgn,165,11970
sdom1972,迷迷羊,恰萌奇,kgn,125,11972
sdom1973,任性,恰萌奇,kgn,178,11973
sdom5001,Dogfight,Initial D,kgn,155,15001
sdom5002,Final Countdown,Initial D,kgn,154.5,15002
sdom5003,Gamble Ramble,Initial D,kgn,153.95,15003
sdom5004,Space Boy,Initial D,kgn,155.7,15004
sdom5005,Running In The 90's,Initial D,kgn,158.5,15005
sdom5006,Resonance,Soul Eater,kgn,165,15006
sdom5007,Heart of Witch,DJ Max Black Square,kgn,170,15007
sdom5008,Crossing Field,Sword Art Online,kgn,179,15008
sdom5009,Unfinished,Accel World,kgn,146,15009
sdom5010,Forever Young,Initial D,kgn,158,15010
sdom5011,Blazability,M.O.V.E.,kgn,153,15011
sdom5012,My Colorful Confuse,Gumi,kgn,170,15012
sdom5013,Wedding Dress,Taeyang,kgn,134,15013
sdom5014,Uso,Full Metal Alchemist,kgn,90,15014
sdom5015,Catch Me,TVXQ,kgn,128,15015
sdom5016,Explosive,Bond,kgn,115,15016
sdom5017,Phantom of Blue,Maximum Tune,kgn,143,15017
sdom5018,Jihad,Kotoko,kgn,180,15018
sdom5019,V,DJ TAKA,kgn,150,15019
sdom5020,V2,DJ TAKA,kgn,150,15020
sdom5021,Libera Me,Cranky,kgn,165,15021
sdom5022,Joker,DJ Nero,kgn,184,15022
sdom5023,Silly-Go-Round,Yuuka,kgn,163,15023
sdom5024,Heartbreaker,G-Dragon,kgn,135,15024
sdom5025,Crayon,G-Dragon,kgn,132,15025
sdom5026,I Got A Boy,SNSD,kgn,98,15026
sdom5027,Pandora,KARA,kgn,140,15027
sdom5028,My Dearest,Supercell,kgn,169,15028
sdom5029,Tonight,Bigbang,kgn,130,15029
sdom5030,Guren no Yumiya,Linked Horizon,kgn,180,15030
sdom5033,Gentleman,PSY,kgn,126,15033
sdom5035,Shinsekai,Shiraishi,kgn,193,15035
sdom5040,Pure Ruby,Shiki,kgn,178,15040
sdom5041,ViViD,May'n,kgn,102.5,15041
sdom5042,Ryoushi No Umi No Rintovurumu,TOMOSUKE,kgn,140,15042
sdom5044,Jiyuu no Tsubasa,Linked Horizon,kgn,136,15044
sdom5045,Great Escape,Cinema Staff,kgn,184,15045
sdom5046,Turii,Panta Rhei,kgn,148,15046
sdom5047,Ignite,Eir Aoi,kgn,171,15047
sdom5048,Elpis,dj TAKA,kgn,175,15048
sdom5051,Akasagarbha,Wa. vs ETIA.,kgn,192,15051
sdom5053,THE HERO !!,JAM Project,kgn,260,15053
sdom5060,Almagest,Galdeira,kgn,178,15060
sdom5062,Clattanoia,OxT,kgn,190,15062
sdom5064,This Game,Konomi Suzuki,kgn,147,15064
sdom5065,Axion,Sakuzyo,kgn,160,15065
sdom5066,Rising Hope,LiSA,kgn,190,15066
sdom5067,Saika,Rabpit,kgn,145,15067
sdom5068,Butter-Fly,Wada Kouji,kgn,164.9,15068
sdom5069,Dynasty,Yooh,kgn,189,15069
sdom5070,Sorceress Elise,Yahpp,kgn,158,15070
sdom5071,Raison D'etre,Zektbach,kgn,175,15071
sdom5072,Odin,Black Another,kgn,163,15072
sdom5073,Holy Knight,Eyemedia,kgn,155,15073
sdom5074,Catch Me If You Can,SNSD,kgn,134,15074
sdom5079,Beautiful,Crush,kgn,110.1,15079
sdom5080,Imprinting,Sakuzyo,kgn,175,15080
sdom5081,Garasu no Hitomi,Sid,kgn,179.95,15081
sdom5082,Persephone,Ebico,kgn,185,15082
sdom5083,TT,Twice,kgn,130,15083
sdom5084,ANiMA,Xi,kgn,183.5,15084
sdom5085,Identic Conflict,BBN,kgn,178,15085
