gn,fileId,src_sdm,dst_ogg
sdom2030,12030,D:\program\SDO-X\SDO-X Alchemist World\music\sdom2030.sdm,H:\65_remake\assets\sdox_offline\music\sdom2030.ogg
sdom2050,12050,D:\program\SDO-X\SDO-X Alchemist World\music\sdom2050.sdm,H:\65_remake\assets\sdox_offline\music\sdom2050.ogg
sdom2051,12051,D:\program\SDO-X\SDO-X Alchemist World\music\sdom2051.sdm,H:\65_remake\assets\sdox_offline\music\sdom2051.ogg
sdom2052,12052,D:\program\SDO-X\SDO-X Alchemist World\music\sdom2052.sdm,H:\65_remake\assets\sdox_offline\music\sdom2052.ogg
sdom2053,12053,D:\program\SDO-X\SDO-X Alchemist World\music\sdom2053.sdm,H:\65_remake\assets\sdox_offline\music\sdom2053.ogg
sdom2054,12054,D:\program\SDO-X\SDO-X Alchemist World\music\sdom2054.sdm,H:\65_remake\assets\sdox_offline\music\sdom2054.ogg
sdom2056,12056,D:\program\SDO-X\SDO-X Alchemist World\music\sdom2056.sdm,H:\65_remake\assets\sdox_offline\music\sdom2056.ogg
sdom2057,12057,D:\program\SDO-X\SDO-X Alchemist World\music\sdom2057.sdm,H:\65_remake\assets\sdox_offline\music\sdom2057.ogg
sdom2058,12058,D:\program\SDO-X\SDO-X Alchemist World\music\sdom2058.sdm,H:\65_remake\assets\sdox_offline\music\sdom2058.ogg
sdom2059,12059,D:\program\SDO-X\SDO-X Alchemist World\music\sdom2059.sdm,H:\65_remake\assets\sdox_offline\music\sdom2059.ogg
sdom2060,12060,D:\program\SDO-X\SDO-X Alchemist World\music\sdom2060.sdm,H:\65_remake\assets\sdox_offline\music\sdom2060.ogg
sdom2062,12062,D:\program\SDO-X\SDO-X Alchemist World\music\sdom2062.sdm,H:\65_remake\assets\sdox_offline\music\sdom2062.ogg
sdom2063,12063,D:\program\SDO-X\SDO-X Alchemist World\music\sdom2063.sdm,H:\65_remake\assets\sdox_offline\music\sdom2063.ogg
sdom2064,12064,D:\program\SDO-X\SDO-X Alchemist World\music\sdom2064.sdm,H:\65_remake\assets\sdox_offline\music\sdom2064.ogg
sdom2065,12065,D:\program\SDO-X\SDO-X Alchemist World\music\sdom2065.sdm,H:\65_remake\assets\sdox_offline\music\sdom2065.ogg
sdom2066,12066,D:\program\SDO-X\SDO-X Alchemist World\music\sdom2066.sdm,H:\65_remake\assets\sdox_offline\music\sdom2066.ogg
sdom2067,12067,D:\program\SDO-X\SDO-X Alchemist World\music\sdom2067.sdm,H:\65_remake\assets\sdox_offline\music\sdom2067.ogg
sdom2071,12071,D:\program\SDO-X\SDO-X Alchemist World\music\sdom2071.sdm,H:\65_remake\assets\sdox_offline\music\sdom2071.ogg
sdom2074,12074,D:\program\SDO-X\SDO-X Alchemist World\music\sdom2074.sdm,H:\65_remake\assets\sdox_offline\music\sdom2074.ogg
sdom2075,12075,D:\program\SDO-X\SDO-X Alchemist World\music\sdom2075.sdm,H:\65_remake\assets\sdox_offline\music\sdom2075.ogg
sdom2092,12092,D:\program\SDO-X\SDO-X Alchemist World\music\sdom2092.sdm,H:\65_remake\assets\sdox_offline\music\sdom2092.ogg
sdom2093,12093,D:\program\SDO-X\SDO-X Alchemist World\music\sdom2093.sdm,H:\65_remake\assets\sdox_offline\music\sdom2093.ogg
sdom2095,12095,D:\program\SDO-X\SDO-X Alchemist World\music\sdom2095.sdm,H:\65_remake\assets\sdox_offline\music\sdom2095.ogg
sdom2097,12097,D:\program\SDO-X\SDO-X Alchemist World\music\sdom2097.sdm,H:\65_remake\assets\sdox_offline\music\sdom2097.ogg
sdom2098,12098,D:\program\SDO-X\SDO-X Alchemist World\music\sdom2098.sdm,H:\65_remake\assets\sdox_offline\music\sdom2098.ogg
sdom2100,12100,D:\program\SDO-X\SDO-X Alchemist World\music\sdom2100.sdm,H:\65_remake\assets\sdox_offline\music\sdom2100.ogg
sdom2101,12101,D:\program\SDO-X\SDO-X Alchemist World\music\sdom2101.sdm,H:\65_remake\assets\sdox_offline\music\sdom2101.ogg
sdom2102,12102,D:\program\SDO-X\SDO-X Alchemist World\music\sdom2102.sdm,H:\65_remake\assets\sdox_offline\music\sdom2102.ogg
sdom2103,12103,D:\program\SDO-X\SDO-X Alchemist World\music\sdom2103.sdm,H:\65_remake\assets\sdox_offline\music\sdom2103.ogg
sdom2104,12104,D:\program\SDO-X\SDO-X Alchemist World\music\sdom2104.sdm,H:\65_remake\assets\sdox_offline\music\sdom2104.ogg
sdom2105,12105,D:\program\SDO-X\SDO-X Alchemist World\music\sdom2105.sdm,H:\65_remake\assets\sdox_offline\music\sdom2105.ogg
sdom2106,12106,D:\program\SDO-X\SDO-X Alchemist World\music\sdom2106.sdm,H:\65_remake\assets\sdox_offline\music\sdom2106.ogg
sdom2107,12107,D:\program\SDO-X\SDO-X Alchemist World\music\sdom2107.sdm,H:\65_remake\assets\sdox_offline\music\sdom2107.ogg
sdom2108,12108,D:\program\SDO-X\SDO-X Alchemist World\music\sdom2108.sdm,H:\65_remake\assets\sdox_offline\music\sdom2108.ogg
sdom2109,12109,D:\program\SDO-X\SDO-X Alchemist World\music\sdom2109.sdm,H:\65_remake\assets\sdox_offline\music\sdom2109.ogg
sdom2110,12110,D:\program\SDO-X\SDO-X Alchemist World\music\sdom2110.sdm,H:\65_remake\assets\sdox_offline\music\sdom2110.ogg
sdom2111,12111,D:\program\SDO-X\SDO-X Alchemist World\music\sdom2111.sdm,H:\65_remake\assets\sdox_offline\music\sdom2111.ogg
sdom2112,12112,D:\program\SDO-X\SDO-X Alchemist World\music\sdom2112.sdm,H:\65_remake\assets\sdox_offline\music\sdom2112.ogg
sdom2113,12113,D:\program\SDO-X\SDO-X Alchemist World\music\sdom2113.sdm,H:\65_remake\assets\sdox_offline\music\sdom2113.ogg
sdom2114,12114,D:\program\SDO-X\SDO-X Alchemist World\music\sdom2114.sdm,H:\65_remake\assets\sdox_offline\music\sdom2114.ogg
sdom2115,12115,D:\program\SDO-X\SDO-X Alchemist World\music\sdom2115.sdm,H:\65_remake\assets\sdox_offline\music\sdom2115.ogg
sdom2116,12116,D:\program\SDO-X\SDO-X Alchemist World\music\sdom2116.sdm,H:\65_remake\assets\sdox_offline\music\sdom2116.ogg
sdom2117,12117,D:\program\SDO-X\SDO-X Alchemist World\music\sdom2117.sdm,H:\65_remake\assets\sdox_offline\music\sdom2117.ogg
sdom2118,12118,D:\program\SDO-X\SDO-X Alchemist World\music\sdom2118.sdm,H:\65_remake\assets\sdox_offline\music\sdom2118.ogg
sdom2119,12119,D:\program\SDO-X\SDO-X Alchemist World\music\sdom2119.sdm,H:\65_remake\assets\sdox_offline\music\sdom2119.ogg
sdom2122,12122,D:\program\SDO-X\SDO-X Alchemist World\music\sdom2122.sdm,H:\65_remake\assets\sdox_offline\music\sdom2122.ogg
sdom2123,12123,D:\program\SDO-X\SDO-X Alchemist World\music\sdom2123.sdm,H:\65_remake\assets\sdox_offline\music\sdom2123.ogg
sdom2124,12124,D:\program\SDO-X\SDO-X Alchemist World\music\sdom2124.sdm,H:\65_remake\assets\sdox_offline\music\sdom2124.ogg
sdom2125,12125,D:\program\SDO-X\SDO-X Alchemist World\music\sdom2125.sdm,H:\65_remake\assets\sdox_offline\music\sdom2125.ogg
sdom2126,12126,D:\program\SDO-X\SDO-X Alchemist World\music\sdom2126.sdm,H:\65_remake\assets\sdox_offline\music\sdom2126.ogg
sdom2127,12127,D:\program\SDO-X\SDO-X Alchemist World\music\sdom2127.sdm,H:\65_remake\assets\sdox_offline\music\sdom2127.ogg
sdom2130,12130,D:\program\SDO-X\SDO-X Alchemist World\music\sdom2130.sdm,H:\65_remake\assets\sdox_offline\music\sdom2130.ogg
sdom2131,12131,D:\program\SDO-X\SDO-X Alchemist World\music\sdom2131.sdm,H:\65_remake\assets\sdox_offline\music\sdom2131.ogg
sdom2132,12132,D:\program\SDO-X\SDO-X Alchemist World\music\sdom2132.sdm,H:\65_remake\assets\sdox_offline\music\sdom2132.ogg
sdom2133,12133,D:\program\SDO-X\SDO-X Alchemist World\music\sdom2133.sdm,H:\65_remake\assets\sdox_offline\music\sdom2133.ogg
sdom2135,12135,D:\program\SDO-X\SDO-X Alchemist World\music\sdom2135.sdm,H:\65_remake\assets\sdox_offline\music\sdom2135.ogg
sdom2136,12136,D:\program\SDO-X\SDO-X Alchemist World\music\sdom2136.sdm,H:\65_remake\assets\sdox_offline\music\sdom2136.ogg
sdom2137,12137,D:\program\SDO-X\SDO-X Alchemist World\music\sdom2137.sdm,H:\65_remake\assets\sdox_offline\music\sdom2137.ogg
sdom2138,12138,D:\program\SDO-X\SDO-X Alchemist World\music\sdom2138.sdm,H:\65_remake\assets\sdox_offline\music\sdom2138.ogg
sdom2139,12139,D:\program\SDO-X\SDO-X Alchemist World\music\sdom2139.sdm,H:\65_remake\assets\sdox_offline\music\sdom2139.ogg
sdom2199,12199,D:\program\SDO-X\SDO-X Alchemist World\music\sdom2199.sdm,H:\65_remake\assets\sdox_offline\music\sdom2199.ogg
sdom2200,12200,D:\program\SDO-X\SDO-X Alchemist World\music\sdom2200.sdm,H:\65_remake\assets\sdox_offline\music\sdom2200.ogg
sdom2230,12230,D:\program\SDO-X\SDO-X Alchemist World\music\sdom2230.sdm,H:\65_remake\assets\sdox_offline\music\sdom2230.ogg
sdom2241,12241,D:\program\SDO-X\SDO-X Alchemist World\music\sdom2241.sdm,H:\65_remake\assets\sdox_offline\music\sdom2241.ogg
sdom2245,12245,D:\program\SDO-X\SDO-X Alchemist World\music\sdom2245.sdm,H:\65_remake\assets\sdox_offline\music\sdom2245.ogg
sdom2248,12248,D:\program\SDO-X\SDO-X Alchemist World\music\sdom2248.sdm,H:\65_remake\assets\sdox_offline\music\sdom2248.ogg
sdom2252,12252,D:\program\SDO-X\SDO-X Alchemist World\music\sdom2252.sdm,H:\65_remake\assets\sdox_offline\music\sdom2252.ogg
sdom2253,12253,D:\program\SDO-X\SDO-X Alchemist World\music\sdom2253.sdm,H:\65_remake\assets\sdox_offline\music\sdom2253.ogg
sdom2254,12254,D:\program\SDO-X\SDO-X Alchemist World\music\sdom2254.sdm,H:\65_remake\assets\sdox_offline\music\sdom2254.ogg
sdom2270,12270,D:\program\SDO-X\SDO-X Alchemist World\music\sdom2270.sdm,H:\65_remake\assets\sdox_offline\music\sdom2270.ogg
sdom2271,12271,D:\program\SDO-X\SDO-X Alchemist World\music\sdom2271.sdm,H:\65_remake\assets\sdox_offline\music\sdom2271.ogg
sdom2272,12272,D:\program\SDO-X\SDO-X Alchemist World\music\sdom2272.sdm,H:\65_remake\assets\sdox_offline\music\sdom2272.ogg
sdom2273,12273,D:\program\SDO-X\SDO-X Alchemist World\music\sdom2273.sdm,H:\65_remake\assets\sdox_offline\music\sdom2273.ogg
sdom2274,12274,D:\program\SDO-X\SDO-X Alchemist World\music\sdom2274.sdm,H:\65_remake\assets\sdox_offline\music\sdom2274.ogg
sdom0575,10575,D:\program\SDO-X\SDO-X Alchemist World\music\sdom0575.sdm,H:\65_remake\assets\sdox_offline\music\sdom0575.ogg
sdom0576,10576,D:\program\SDO-X\SDO-X Alchemist World\music\sdom0576.sdm,H:\65_remake\assets\sdox_offline\music\sdom0576.ogg
sdom0577,10577,D:\program\SDO-X\SDO-X Alchemist World\music\sdom0577.sdm,H:\65_remake\assets\sdox_offline\music\sdom0577.ogg
sdom0578,10578,D:\program\SDO-X\SDO-X Alchemist World\music\sdom0578.sdm,H:\65_remake\assets\sdox_offline\music\sdom0578.ogg
sdom0579,10579,D:\program\SDO-X\SDO-X Alchemist World\music\sdom0579.sdm,H:\65_remake\assets\sdox_offline\music\sdom0579.ogg
sdom0580,10580,D:\program\SDO-X\SDO-X Alchemist World\music\sdom0580.sdm,H:\65_remake\assets\sdox_offline\music\sdom0580.ogg
sdom0581,10581,D:\program\SDO-X\SDO-X Alchemist World\music\sdom0581.sdm,H:\65_remake\assets\sdox_offline\music\sdom0581.ogg
sdom0582,10582,D:\program\SDO-X\SDO-X Alchemist World\music\sdom0582.sdm,H:\65_remake\assets\sdox_offline\music\sdom0582.ogg
sdom0583,10583,D:\program\SDO-X\SDO-X Alchemist World\music\sdom0583.sdm,H:\65_remake\assets\sdox_offline\music\sdom0583.ogg
sdom0584,10584,D:\program\SDO-X\SDO-X Alchemist World\music\sdom0584.sdm,H:\65_remake\assets\sdox_offline\music\sdom0584.ogg
sdom0585,10585,D:\program\SDO-X\SDO-X Alchemist World\music\sdom0585.sdm,H:\65_remake\assets\sdox_offline\music\sdom0585.ogg
sdom0586,10586,D:\program\SDO-X\SDO-X Alchemist World\music\sdom0586.sdm,H:\65_remake\assets\sdox_offline\music\sdom0586.ogg
sdom0587,10587,D:\program\SDO-X\SDO-X Alchemist World\music\sdom0587.sdm,H:\65_remake\assets\sdox_offline\music\sdom0587.ogg
sdom0588,10588,D:\program\SDO-X\SDO-X Alchemist World\music\sdom0588.sdm,H:\65_remake\assets\sdox_offline\music\sdom0588.ogg
sdom0589,10589,D:\program\SDO-X\SDO-X Alchemist World\music\sdom0589.sdm,H:\65_remake\assets\sdox_offline\music\sdom0589.ogg
sdom0590,10590,D:\program\SDO-X\SDO-X Alchemist World\music\sdom0590.sdm,H:\65_remake\assets\sdox_offline\music\sdom0590.ogg
sdom0591,10591,D:\program\SDO-X\SDO-X Alchemist World\music\sdom0591.sdm,H:\65_remake\assets\sdox_offline\music\sdom0591.ogg
sdom0592,10592,D:\program\SDO-X\SDO-X Alchemist World\music\sdom0592.sdm,H:\65_remake\assets\sdox_offline\music\sdom0592.ogg
sdom0593,10593,D:\program\SDO-X\SDO-X Alchemist World\music\sdom0593.sdm,H:\65_remake\assets\sdox_offline\music\sdom0593.ogg
sdom0594,10594,D:\program\SDO-X\SDO-X Alchemist World\music\sdom0594.sdm,H:\65_remake\assets\sdox_offline\music\sdom0594.ogg
sdom0595,10595,D:\program\SDO-X\SDO-X Alchemist World\music\sdom0595.sdm,H:\65_remake\assets\sdox_offline\music\sdom0595.ogg
sdom0596,10596,D:\program\SDO-X\SDO-X Alchemist World\music\sdom0596.sdm,H:\65_remake\assets\sdox_offline\music\sdom0596.ogg
sdom0985,10985,D:\program\SDO-X\SDO-X Alchemist World\music\sdom0985.sdm,H:\65_remake\assets\sdox_offline\music\sdom0985.ogg
sdom1111,11111,D:\program\SDO-X\SDO-X Alchemist World\music\sdom1111.sdm,H:\65_remake\assets\sdox_offline\music\sdom1111.ogg
sdom1112,11112,D:\program\SDO-X\SDO-X Alchemist World\music\sdom1112.sdm,H:\65_remake\assets\sdox_offline\music\sdom1112.ogg
sdom1114,11114,D:\program\SDO-X\SDO-X Alchemist World\music\sdom1114.sdm,H:\65_remake\assets\sdox_offline\music\sdom1114.ogg
sdom1115,11115,D:\program\SDO-X\SDO-X Alchemist World\music\sdom1115.sdm,H:\65_remake\assets\sdox_offline\music\sdom1115.ogg
sdom1170,11170,D:\program\SDO-X\SDO-X Alchemist World\music\sdom1170.sdm,H:\65_remake\assets\sdox_offline\music\sdom1170.ogg
sdom1171,11171,D:\program\SDO-X\SDO-X Alchemist World\music\sdom1171.sdm,H:\65_remake\assets\sdox_offline\music\sdom1171.ogg
sdom1172,11172,D:\program\SDO-X\SDO-X Alchemist World\music\sdom1172.sdm,H:\65_remake\assets\sdox_offline\music\sdom1172.ogg
sdom1174,11174,D:\program\SDO-X\SDO-X Alchemist World\music\sdom1174.sdm,H:\65_remake\assets\sdox_offline\music\sdom1174.ogg
sdom1175,11175,D:\program\SDO-X\SDO-X Alchemist World\music\sdom1175.sdm,H:\65_remake\assets\sdox_offline\music\sdom1175.ogg
sdom1176,11176,D:\program\SDO-X\SDO-X Alchemist World\music\sdom1176.sdm,H:\65_remake\assets\sdox_offline\music\sdom1176.ogg
sdom1177,11177,D:\program\SDO-X\SDO-X Alchemist World\music\sdom1177.sdm,H:\65_remake\assets\sdox_offline\music\sdom1177.ogg
sdom1178,11178,D:\program\SDO-X\SDO-X Alchemist World\music\sdom1178.sdm,H:\65_remake\assets\sdox_offline\music\sdom1178.ogg
sdom1179,11179,D:\program\SDO-X\SDO-X Alchemist World\music\sdom1179.sdm,H:\65_remake\assets\sdox_offline\music\sdom1179.ogg
sdom1180,11180,D:\program\SDO-X\SDO-X Alchemist World\music\sdom1180.sdm,H:\65_remake\assets\sdox_offline\music\sdom1180.ogg
sdom1184,11184,D:\program\SDO-X\SDO-X Alchemist World\music\sdom1184.sdm,H:\65_remake\assets\sdox_offline\music\sdom1184.ogg
sdom1185,11185,D:\program\SDO-X\SDO-X Alchemist World\music\sdom1185.sdm,H:\65_remake\assets\sdox_offline\music\sdom1185.ogg
sdom1186,11186,D:\program\SDO-X\SDO-X Alchemist World\music\sdom1186.sdm,H:\65_remake\assets\sdox_offline\music\sdom1186.ogg
sdom1187,11187,D:\program\SDO-X\SDO-X Alchemist World\music\sdom1187.sdm,H:\65_remake\assets\sdox_offline\music\sdom1187.ogg
sdom1189,11189,D:\program\SDO-X\SDO-X Alchemist World\music\sdom1189.sdm,H:\65_remake\assets\sdox_offline\music\sdom1189.ogg
sdom1190,11190,D:\program\SDO-X\SDO-X Alchemist World\music\sdom1190.sdm,H:\65_remake\assets\sdox_offline\music\sdom1190.ogg
sdom1192,11192,D:\program\SDO-X\SDO-X Alchemist World\music\sdom1192.sdm,H:\65_remake\assets\sdox_offline\music\sdom1192.ogg
sdom1193,11193,D:\program\SDO-X\SDO-X Alchemist World\music\sdom1193.sdm,H:\65_remake\assets\sdox_offline\music\sdom1193.ogg
sdom1195,11195,D:\program\SDO-X\SDO-X Alchemist World\music\sdom1195.sdm,H:\65_remake\assets\sdox_offline\music\sdom1195.ogg
sdom1196,11196,D:\program\SDO-X\SDO-X Alchemist World\music\sdom1196.sdm,H:\65_remake\assets\sdox_offline\music\sdom1196.ogg
sdom1198,11198,D:\program\SDO-X\SDO-X Alchemist World\music\sdom1198.sdm,H:\65_remake\assets\sdox_offline\music\sdom1198.ogg
sdom1227,11227,D:\program\SDO-X\SDO-X Alchemist World\music\sdom1227.sdm,H:\65_remake\assets\sdox_offline\music\sdom1227.ogg
sdom1281,11281,D:\program\SDO-X\SDO-X Alchemist World\music\sdom1281.sdm,H:\65_remake\assets\sdox_offline\music\sdom1281.ogg
sdom1282,11282,D:\program\SDO-X\SDO-X Alchemist World\music\sdom1282.sdm,H:\65_remake\assets\sdox_offline\music\sdom1282.ogg
sdom1284,11284,D:\program\SDO-X\SDO-X Alchemist World\music\sdom1284.sdm,H:\65_remake\assets\sdox_offline\music\sdom1284.ogg
sdom1286,11286,D:\program\SDO-X\SDO-X Alchemist World\music\sdom1286.sdm,H:\65_remake\assets\sdox_offline\music\sdom1286.ogg
sdom1287,11287,D:\program\SDO-X\SDO-X Alchemist World\music\sdom1287.sdm,H:\65_remake\assets\sdox_offline\music\sdom1287.ogg
sdom1288,11288,D:\program\SDO-X\SDO-X Alchemist World\music\sdom1288.sdm,H:\65_remake\assets\sdox_offline\music\sdom1288.ogg
sdom1289,11289,D:\program\SDO-X\SDO-X Alchemist World\music\sdom1289.sdm,H:\65_remake\assets\sdox_offline\music\sdom1289.ogg
sdom1290,11290,D:\program\SDO-X\SDO-X Alchemist World\music\sdom1290.sdm,H:\65_remake\assets\sdox_offline\music\sdom1290.ogg
sdom1291,11291,D:\program\SDO-X\SDO-X Alchemist World\music\sdom1291.sdm,H:\65_remake\assets\sdox_offline\music\sdom1291.ogg
sdom1292,11292,D:\program\SDO-X\SDO-X Alchemist World\music\sdom1292.sdm,H:\65_remake\assets\sdox_offline\music\sdom1292.ogg
sdom1294,11294,D:\program\SDO-X\SDO-X Alchemist World\music\sdom1294.sdm,H:\65_remake\assets\sdox_offline\music\sdom1294.ogg
sdom1295,11295,D:\program\SDO-X\SDO-X Alchemist World\music\sdom1295.sdm,H:\65_remake\assets\sdox_offline\music\sdom1295.ogg
sdom1297,11297,D:\program\SDO-X\SDO-X Alchemist World\music\sdom1297.sdm,H:\65_remake\assets\sdox_offline\music\sdom1297.ogg
sdom1300,11300,D:\program\SDO-X\SDO-X Alchemist World\music\sdom1300.sdm,H:\65_remake\assets\sdox_offline\music\sdom1300.ogg
sdom1301,11301,D:\program\SDO-X\SDO-X Alchemist World\music\sdom1301.sdm,H:\65_remake\assets\sdox_offline\music\sdom1301.ogg
sdom1302,11302,D:\program\SDO-X\SDO-X Alchemist World\music\sdom1302.sdm,H:\65_remake\assets\sdox_offline\music\sdom1302.ogg
sdom1303,11303,D:\program\SDO-X\SDO-X Alchemist World\music\sdom1303.sdm,H:\65_remake\assets\sdox_offline\music\sdom1303.ogg
sdom1304,11304,D:\program\SDO-X\SDO-X Alchemist World\music\sdom1304.sdm,H:\65_remake\assets\sdox_offline\music\sdom1304.ogg
sdom1307,11307,D:\program\SDO-X\SDO-X Alchemist World\music\sdom1307.sdm,H:\65_remake\assets\sdox_offline\music\sdom1307.ogg
sdom1308,11308,D:\program\SDO-X\SDO-X Alchemist World\music\sdom1308.sdm,H:\65_remake\assets\sdox_offline\music\sdom1308.ogg
sdom1310,11310,D:\program\SDO-X\SDO-X Alchemist World\music\sdom1310.sdm,H:\65_remake\assets\sdox_offline\music\sdom1310.ogg
sdom1346,11346,D:\program\SDO-X\SDO-X Alchemist World\music\sdom1346.sdm,H:\65_remake\assets\sdox_offline\music\sdom1346.ogg
sdom1347,11347,D:\program\SDO-X\SDO-X Alchemist World\music\sdom1347.sdm,H:\65_remake\assets\sdox_offline\music\sdom1347.ogg
sdom1348,11348,D:\program\SDO-X\SDO-X Alchemist World\music\sdom1348.sdm,H:\65_remake\assets\sdox_offline\music\sdom1348.ogg
sdom1349,11349,D:\program\SDO-X\SDO-X Alchemist World\music\sdom1349.sdm,H:\65_remake\assets\sdox_offline\music\sdom1349.ogg
sdom1350,11350,D:\program\SDO-X\SDO-X Alchemist World\music\sdom1350.sdm,H:\65_remake\assets\sdox_offline\music\sdom1350.ogg
sdom1351,11351,D:\program\SDO-X\SDO-X Alchemist World\music\sdom1351.sdm,H:\65_remake\assets\sdox_offline\music\sdom1351.ogg
sdom1356,11356,D:\program\SDO-X\SDO-X Alchemist World\music\sdom1356.sdm,H:\65_remake\assets\sdox_offline\music\sdom1356.ogg
sdom1359,11359,D:\program\SDO-X\SDO-X Alchemist World\music\sdom1359.sdm,H:\65_remake\assets\sdox_offline\music\sdom1359.ogg
sdom1360,11360,D:\program\SDO-X\SDO-X Alchemist World\music\sdom1360.sdm,H:\65_remake\assets\sdox_offline\music\sdom1360.ogg
sdom1362,11362,D:\program\SDO-X\SDO-X Alchemist World\music\sdom1362.sdm,H:\65_remake\assets\sdox_offline\music\sdom1362.ogg
sdom1364,11364,D:\program\SDO-X\SDO-X Alchemist World\music\sdom1364.sdm,H:\65_remake\assets\sdox_offline\music\sdom1364.ogg
sdom1365,11365,D:\program\SDO-X\SDO-X Alchemist World\music\sdom1365.sdm,H:\65_remake\assets\sdox_offline\music\sdom1365.ogg
sdom1409,11409,D:\program\SDO-X\SDO-X Alchemist World\music\sdom1409.sdm,H:\65_remake\assets\sdox_offline\music\sdom1409.ogg
sdom1411,11411,D:\program\SDO-X\SDO-X Alchemist World\music\sdom1411.sdm,H:\65_remake\assets\sdox_offline\music\sdom1411.ogg
sdom1412,11412,D:\program\SDO-X\SDO-X Alchemist World\music\sdom1412.sdm,H:\65_remake\assets\sdox_offline\music\sdom1412.ogg
sdom1413,11413,D:\program\SDO-X\SDO-X Alchemist World\music\sdom1413.sdm,H:\65_remake\assets\sdox_offline\music\sdom1413.ogg
sdom1414,11414,D:\program\SDO-X\SDO-X Alchemist World\music\sdom1414.sdm,H:\65_remake\assets\sdox_offline\music\sdom1414.ogg
sdom1416,11416,D:\program\SDO-X\SDO-X Alchemist World\music\sdom1416.sdm,H:\65_remake\assets\sdox_offline\music\sdom1416.ogg
sdom1418,11418,D:\program\SDO-X\SDO-X Alchemist World\music\sdom1418.sdm,H:\65_remake\assets\sdox_offline\music\sdom1418.ogg
sdom1419,11419,D:\program\SDO-X\SDO-X Alchemist World\music\sdom1419.sdm,H:\65_remake\assets\sdox_offline\music\sdom1419.ogg
sdom1420,11420,D:\program\SDO-X\SDO-X Alchemist World\music\sdom1420.sdm,H:\65_remake\assets\sdox_offline\music\sdom1420.ogg
sdom1421,11421,D:\program\SDO-X\SDO-X Alchemist World\music\sdom1421.sdm,H:\65_remake\assets\sdox_offline\music\sdom1421.ogg
sdom1423,11423,D:\program\SDO-X\SDO-X Alchemist World\music\sdom1423.sdm,H:\65_remake\assets\sdox_offline\music\sdom1423.ogg
sdom1424,11424,D:\program\SDO-X\SDO-X Alchemist World\music\sdom1424.sdm,H:\65_remake\assets\sdox_offline\music\sdom1424.ogg
sdom1426,11426,D:\program\SDO-X\SDO-X Alchemist World\music\sdom1426.sdm,H:\65_remake\assets\sdox_offline\music\sdom1426.ogg
sdom1429,11429,D:\program\SDO-X\SDO-X Alchemist World\music\sdom1429.sdm,H:\65_remake\assets\sdox_offline\music\sdom1429.ogg
sdom1432,11432,D:\program\SDO-X\SDO-X Alchemist World\music\sdom1432.sdm,H:\65_remake\assets\sdox_offline\music\sdom1432.ogg
sdom1434,11434,D:\program\SDO-X\SDO-X Alchemist World\music\sdom1434.sdm,H:\65_remake\assets\sdox_offline\music\sdom1434.ogg
sdom1436,11436,D:\program\SDO-X\SDO-X Alchemist World\music\sdom1436.sdm,H:\65_remake\assets\sdox_offline\music\sdom1436.ogg
sdom1437,11437,D:\program\SDO-X\SDO-X Alchemist World\music\sdom1437.sdm,H:\65_remake\assets\sdox_offline\music\sdom1437.ogg
sdom1439,11439,D:\program\SDO-X\SDO-X Alchemist World\music\sdom1439.sdm,H:\65_remake\assets\sdox_offline\music\sdom1439.ogg
sdom1440,11440,D:\program\SDO-X\SDO-X Alchemist World\music\sdom1440.sdm,H:\65_remake\assets\sdox_offline\music\sdom1440.ogg
sdom1533,11533,D:\program\SDO-X\SDO-X Alchemist World\music\sdom1533.sdm,H:\65_remake\assets\sdox_offline\music\sdom1533.ogg
sdom1550,11550,D:\program\SDO-X\SDO-X Alchemist World\music\sdom1550.sdm,H:\65_remake\assets\sdox_offline\music\sdom1550.ogg
sdom1556,11556,D:\program\SDO-X\SDO-X Alchemist World\music\sdom1556.sdm,H:\65_remake\assets\sdox_offline\music\sdom1556.ogg
sdom1558,11558,D:\program\SDO-X\SDO-X Alchemist World\music\sdom1558.sdm,H:\65_remake\assets\sdox_offline\music\sdom1558.ogg
sdom1559,11559,D:\program\SDO-X\SDO-X Alchemist World\music\sdom1559.sdm,H:\65_remake\assets\sdox_offline\music\sdom1559.ogg
sdom1569,11569,D:\program\SDO-X\SDO-X Alchemist World\music\sdom1569.sdm,H:\65_remake\assets\sdox_offline\music\sdom1569.ogg
sdom1570,11570,D:\program\SDO-X\SDO-X Alchemist World\music\sdom1570.sdm,H:\65_remake\assets\sdox_offline\music\sdom1570.ogg
sdom1571,11571,D:\program\SDO-X\SDO-X Alchemist World\music\sdom1571.sdm,H:\65_remake\assets\sdox_offline\music\sdom1571.ogg
sdom1576,11576,D:\program\SDO-X\SDO-X Alchemist World\music\sdom1576.sdm,H:\65_remake\assets\sdox_offline\music\sdom1576.ogg
sdom1577,11577,D:\program\SDO-X\SDO-X Alchemist World\music\sdom1577.sdm,H:\65_remake\assets\sdox_offline\music\sdom1577.ogg
sdom1578,11578,D:\program\SDO-X\SDO-X Alchemist World\music\sdom1578.sdm,H:\65_remake\assets\sdox_offline\music\sdom1578.ogg
sdom1582,11582,D:\program\SDO-X\SDO-X Alchemist World\music\sdom1582.sdm,H:\65_remake\assets\sdox_offline\music\sdom1582.ogg
sdom1616,11616,D:\program\SDO-X\SDO-X Alchemist World\music\sdom1616.sdm,H:\65_remake\assets\sdox_offline\music\sdom1616.ogg
sdom1619,11619,D:\program\SDO-X\SDO-X Alchemist World\music\sdom1619.sdm,H:\65_remake\assets\sdox_offline\music\sdom1619.ogg
sdom1620,11620,D:\program\SDO-X\SDO-X Alchemist World\music\sdom1620.sdm,H:\65_remake\assets\sdox_offline\music\sdom1620.ogg
sdom1621,11621,D:\program\SDO-X\SDO-X Alchemist World\music\sdom1621.sdm,H:\65_remake\assets\sdox_offline\music\sdom1621.ogg
sdom1622,11622,D:\program\SDO-X\SDO-X Alchemist World\music\sdom1622.sdm,H:\65_remake\assets\sdox_offline\music\sdom1622.ogg
sdom1628,11628,D:\program\SDO-X\SDO-X Alchemist World\music\sdom1628.sdm,H:\65_remake\assets\sdox_offline\music\sdom1628.ogg
sdom1629,11629,D:\program\SDO-X\SDO-X Alchemist World\music\sdom1629.sdm,H:\65_remake\assets\sdox_offline\music\sdom1629.ogg
sdom1631,11631,D:\program\SDO-X\SDO-X Alchemist World\music\sdom1631.sdm,H:\65_remake\assets\sdox_offline\music\sdom1631.ogg
sdom1687,11687,D:\program\SDO-X\SDO-X Alchemist World\music\sdom1687.sdm,H:\65_remake\assets\sdox_offline\music\sdom1687.ogg
sdom1690,11690,D:\program\SDO-X\SDO-X Alchemist World\music\sdom1690.sdm,H:\65_remake\assets\sdox_offline\music\sdom1690.ogg
sdom1691,11691,D:\program\SDO-X\SDO-X Alchemist World\music\sdom1691.sdm,H:\65_remake\assets\sdox_offline\music\sdom1691.ogg
sdom1692,11692,D:\program\SDO-X\SDO-X Alchemist World\music\sdom1692.sdm,H:\65_remake\assets\sdox_offline\music\sdom1692.ogg
sdom1694,11694,D:\program\SDO-X\SDO-X Alchemist World\music\sdom1694.sdm,H:\65_remake\assets\sdox_offline\music\sdom1694.ogg
sdom1696,11696,D:\program\SDO-X\SDO-X Alchemist World\music\sdom1696.sdm,H:\65_remake\assets\sdox_offline\music\sdom1696.ogg
sdom1697,11697,D:\program\SDO-X\SDO-X Alchemist World\music\sdom1697.sdm,H:\65_remake\assets\sdox_offline\music\sdom1697.ogg
sdom1701,11701,D:\program\SDO-X\SDO-X Alchemist World\music\sdom1701.sdm,H:\65_remake\assets\sdox_offline\music\sdom1701.ogg
sdom1707,11707,D:\program\SDO-X\SDO-X Alchemist World\music\sdom1707.sdm,H:\65_remake\assets\sdox_offline\music\sdom1707.ogg
sdom1712,11712,D:\program\SDO-X\SDO-X Alchemist World\music\sdom1712.sdm,H:\65_remake\assets\sdox_offline\music\sdom1712.ogg
sdom1713,11713,D:\program\SDO-X\SDO-X Alchemist World\music\sdom1713.sdm,H:\65_remake\assets\sdox_offline\music\sdom1713.ogg
sdom1714,11714,D:\program\SDO-X\SDO-X Alchemist World\music\sdom1714.sdm,H:\65_remake\assets\sdox_offline\music\sdom1714.ogg
sdom1734,11734,D:\program\SDO-X\SDO-X Alchemist World\music\sdom1734.sdm,H:\65_remake\assets\sdox_offline\music\sdom1734.ogg
sdom1735,11735,D:\program\SDO-X\SDO-X Alchemist World\music\sdom1735.sdm,H:\65_remake\assets\sdox_offline\music\sdom1735.ogg
sdom1744,11744,D:\program\SDO-X\SDO-X Alchemist World\music\sdom1744.sdm,H:\65_remake\assets\sdox_offline\music\sdom1744.ogg
sdom1745,11745,D:\program\SDO-X\SDO-X Alchemist World\music\sdom1745.sdm,H:\65_remake\assets\sdox_offline\music\sdom1745.ogg
sdom1747,11747,D:\program\SDO-X\SDO-X Alchemist World\music\sdom1747.sdm,H:\65_remake\assets\sdox_offline\music\sdom1747.ogg
sdom1748,11748,D:\program\SDO-X\SDO-X Alchemist World\music\sdom1748.sdm,H:\65_remake\assets\sdox_offline\music\sdom1748.ogg
sdom1749,11749,D:\program\SDO-X\SDO-X Alchemist World\music\sdom1749.sdm,H:\65_remake\assets\sdox_offline\music\sdom1749.ogg
sdom1750,11750,D:\program\SDO-X\SDO-X Alchemist World\music\sdom1750.sdm,H:\65_remake\assets\sdox_offline\music\sdom1750.ogg
sdom1751,11751,D:\program\SDO-X\SDO-X Alchemist World\music\sdom1751.sdm,H:\65_remake\assets\sdox_offline\music\sdom1751.ogg
sdom1752,11752,D:\program\SDO-X\SDO-X Alchemist World\music\sdom1752.sdm,H:\65_remake\assets\sdox_offline\music\sdom1752.ogg
sdom1753,11753,D:\program\SDO-X\SDO-X Alchemist World\music\sdom1753.sdm,H:\65_remake\assets\sdox_offline\music\sdom1753.ogg
sdom1754,11754,D:\program\SDO-X\SDO-X Alchemist World\music\sdom1754.sdm,H:\65_remake\assets\sdox_offline\music\sdom1754.ogg
sdom1755,11755,D:\program\SDO-X\SDO-X Alchemist World\music\sdom1755.sdm,H:\65_remake\assets\sdox_offline\music\sdom1755.ogg
sdom1756,11756,D:\program\SDO-X\SDO-X Alchemist World\music\sdom1756.sdm,H:\65_remake\assets\sdox_offline\music\sdom1756.ogg
sdom1771,11771,D:\program\SDO-X\SDO-X Alchemist World\music\sdom1771.sdm,H:\65_remake\assets\sdox_offline\music\sdom1771.ogg
sdom1774,11774,D:\program\SDO-X\SDO-X Alchemist World\music\sdom1774.sdm,H:\65_remake\assets\sdox_offline\music\sdom1774.ogg
sdom1776,11776,D:\program\SDO-X\SDO-X Alchemist World\music\sdom1776.sdm,H:\65_remake\assets\sdox_offline\music\sdom1776.ogg
sdom1777,11777,D:\program\SDO-X\SDO-X Alchemist World\music\sdom1777.sdm,H:\65_remake\assets\sdox_offline\music\sdom1777.ogg
sdom1778,11778,D:\program\SDO-X\SDO-X Alchemist World\music\sdom1778.sdm,H:\65_remake\assets\sdox_offline\music\sdom1778.ogg
sdom1780,11780,D:\program\SDO-X\SDO-X Alchemist World\music\sdom1780.sdm,H:\65_remake\assets\sdox_offline\music\sdom1780.ogg
sdom1781,11781,D:\program\SDO-X\SDO-X Alchemist World\music\sdom1781.sdm,H:\65_remake\assets\sdox_offline\music\sdom1781.ogg
sdom1782,11782,D:\program\SDO-X\SDO-X Alchemist World\music\sdom1782.sdm,H:\65_remake\assets\sdox_offline\music\sdom1782.ogg
sdom1785,11785,D:\program\SDO-X\SDO-X Alchemist World\music\sdom1785.sdm,H:\65_remake\assets\sdox_offline\music\sdom1785.ogg
sdom1786,11786,D:\program\SDO-X\SDO-X Alchemist World\music\sdom1786.sdm,H:\65_remake\assets\sdox_offline\music\sdom1786.ogg
sdom1787,11787,D:\program\SDO-X\SDO-X Alchemist World\music\sdom1787.sdm,H:\65_remake\assets\sdox_offline\music\sdom1787.ogg
sdom1788,11788,D:\program\SDO-X\SDO-X Alchemist World\music\sdom1788.sdm,H:\65_remake\assets\sdox_offline\music\sdom1788.ogg
sdom1789,11789,D:\program\SDO-X\SDO-X Alchemist World\music\sdom1789.sdm,H:\65_remake\assets\sdox_offline\music\sdom1789.ogg
sdom1790,11790,D:\program\SDO-X\SDO-X Alchemist World\music\sdom1790.sdm,H:\65_remake\assets\sdox_offline\music\sdom1790.ogg
sdom1791,11791,D:\program\SDO-X\SDO-X Alchemist World\music\sdom1791.sdm,H:\65_remake\assets\sdox_offline\music\sdom1791.ogg
sdom1796,11796,D:\program\SDO-X\SDO-X Alchemist World\music\sdom1796.sdm,H:\65_remake\assets\sdox_offline\music\sdom1796.ogg
sdom1798,11798,D:\program\SDO-X\SDO-X Alchemist World\music\sdom1798.sdm,H:\65_remake\assets\sdox_offline\music\sdom1798.ogg
sdom1850,11850,D:\program\SDO-X\SDO-X Alchemist World\music\sdom1850.sdm,H:\65_remake\assets\sdox_offline\music\sdom1850.ogg
sdom1868,11868,D:\program\SDO-X\SDO-X Alchemist World\music\sdom1868.sdm,H:\65_remake\assets\sdox_offline\music\sdom1868.ogg
sdom1869,11869,D:\program\SDO-X\SDO-X Alchemist World\music\sdom1869.sdm,H:\65_remake\assets\sdox_offline\music\sdom1869.ogg
sdom1870,11870,D:\program\SDO-X\SDO-X Alchemist World\music\sdom1870.sdm,H:\65_remake\assets\sdox_offline\music\sdom1870.ogg
sdom1872,11872,D:\program\SDO-X\SDO-X Alchemist World\music\sdom1872.sdm,H:\65_remake\assets\sdox_offline\music\sdom1872.ogg
sdom1874,11874,D:\program\SDO-X\SDO-X Alchemist World\music\sdom1874.sdm,H:\65_remake\assets\sdox_offline\music\sdom1874.ogg
sdom1875,11875,D:\program\SDO-X\SDO-X Alchemist World\music\sdom1875.sdm,H:\65_remake\assets\sdox_offline\music\sdom1875.ogg
sdom1876,11876,D:\program\SDO-X\SDO-X Alchemist World\music\sdom1876.sdm,H:\65_remake\assets\sdox_offline\music\sdom1876.ogg
sdom1963,11963,D:\program\SDO-X\SDO-X Alchemist World\music\sdom1963.sdm,H:\65_remake\assets\sdox_offline\music\sdom1963.ogg
sdom1964,11964,D:\program\SDO-X\SDO-X Alchemist World\music\sdom1964.sdm,H:\65_remake\assets\sdox_offline\music\sdom1964.ogg
sdom1966,11966,D:\program\SDO-X\SDO-X Alchemist World\music\sdom1966.sdm,H:\65_remake\assets\sdox_offline\music\sdom1966.ogg
sdom1969,11969,D:\program\SDO-X\SDO-X Alchemist World\music\sdom1969.sdm,H:\65_remake\assets\sdox_offline\music\sdom1969.ogg
sdom1970,11970,D:\program\SDO-X\SDO-X Alchemist World\music\sdom1970.sdm,H:\65_remake\assets\sdox_offline\music\sdom1970.ogg
sdom1972,11972,D:\program\SDO-X\SDO-X Alchemist World\music\sdom1972.sdm,H:\65_remake\assets\sdox_offline\music\sdom1972.ogg
sdom1973,11973,D:\program\SDO-X\SDO-X Alchemist World\music\sdom1973.sdm,H:\65_remake\assets\sdox_offline\music\sdom1973.ogg
sdom5001,15001,D:\program\SDO-X\SDO-X Alchemist World\music\sdom5001.sdm,H:\65_remake\assets\sdox_offline\music\sdom5001.ogg
sdom5002,15002,D:\program\SDO-X\SDO-X Alchemist World\music\sdom5002.sdm,H:\65_remake\assets\sdox_offline\music\sdom5002.ogg
sdom5003,15003,D:\program\SDO-X\SDO-X Alchemist World\music\sdom5003.sdm,H:\65_remake\assets\sdox_offline\music\sdom5003.ogg
sdom5004,15004,D:\program\SDO-X\SDO-X Alchemist World\music\sdom5004.sdm,H:\65_remake\assets\sdox_offline\music\sdom5004.ogg
sdom5005,15005,D:\program\SDO-X\SDO-X Alchemist World\music\sdom5005.sdm,H:\65_remake\assets\sdox_offline\music\sdom5005.ogg
sdom5006,15006,D:\program\SDO-X\SDO-X Alchemist World\music\sdom5006.sdm,H:\65_remake\assets\sdox_offline\music\sdom5006.ogg
sdom5007,15007,D:\program\SDO-X\SDO-X Alchemist World\music\sdom5007.sdm,H:\65_remake\assets\sdox_offline\music\sdom5007.ogg
sdom5008,15008,D:\program\SDO-X\SDO-X Alchemist World\music\sdom5008.sdm,H:\65_remake\assets\sdox_offline\music\sdom5008.ogg
sdom5009,15009,D:\program\SDO-X\SDO-X Alchemist World\music\sdom5009.sdm,H:\65_remake\assets\sdox_offline\music\sdom5009.ogg
sdom5010,15010,D:\program\SDO-X\SDO-X Alchemist World\music\sdom5010.sdm,H:\65_remake\assets\sdox_offline\music\sdom5010.ogg
sdom5011,15011,D:\program\SDO-X\SDO-X Alchemist World\music\sdom5011.sdm,H:\65_remake\assets\sdox_offline\music\sdom5011.ogg
sdom5012,15012,D:\program\SDO-X\SDO-X Alchemist World\music\sdom5012.sdm,H:\65_remake\assets\sdox_offline\music\sdom5012.ogg
sdom5013,15013,D:\program\SDO-X\SDO-X Alchemist World\music\sdom5013.sdm,H:\65_remake\assets\sdox_offline\music\sdom5013.ogg
sdom5014,15014,D:\program\SDO-X\SDO-X Alchemist World\music\sdom5014.sdm,H:\65_remake\assets\sdox_offline\music\sdom5014.ogg
sdom5015,15015,D:\program\SDO-X\SDO-X Alchemist World\music\sdom5015.sdm,H:\65_remake\assets\sdox_offline\music\sdom5015.ogg
sdom5016,15016,D:\program\SDO-X\SDO-X Alchemist World\music\sdom5016.sdm,H:\65_remake\assets\sdox_offline\music\sdom5016.ogg
sdom5017,15017,D:\program\SDO-X\SDO-X Alchemist World\music\sdom5017.sdm,H:\65_remake\assets\sdox_offline\music\sdom5017.ogg
sdom5018,15018,D:\program\SDO-X\SDO-X Alchemist World\music\sdom5018.sdm,H:\65_remake\assets\sdox_offline\music\sdom5018.ogg
sdom5019,15019,D:\program\SDO-X\SDO-X Alchemist World\music\sdom5019.sdm,H:\65_remake\assets\sdox_offline\music\sdom5019.ogg
sdom5020,15020,D:\program\SDO-X\SDO-X Alchemist World\music\sdom5020.sdm,H:\65_remake\assets\sdox_offline\music\sdom5020.ogg
sdom5021,15021,D:\program\SDO-X\SDO-X Alchemist World\music\sdom5021.sdm,H:\65_remake\assets\sdox_offline\music\sdom5021.ogg
sdom5022,15022,D:\program\SDO-X\SDO-X Alchemist World\music\sdom5022.sdm,H:\65_remake\assets\sdox_offline\music\sdom5022.ogg
sdom5023,15023,D:\program\SDO-X\SDO-X Alchemist World\music\sdom5023.sdm,H:\65_remake\assets\sdox_offline\music\sdom5023.ogg
sdom5024,15024,D:\program\SDO-X\SDO-X Alchemist World\music\sdom5024.sdm,H:\65_remake\assets\sdox_offline\music\sdom5024.ogg
sdom5025,15025,D:\program\SDO-X\SDO-X Alchemist World\music\sdom5025.sdm,H:\65_remake\assets\sdox_offline\music\sdom5025.ogg
sdom5026,15026,D:\program\SDO-X\SDO-X Alchemist World\music\sdom5026.sdm,H:\65_remake\assets\sdox_offline\music\sdom5026.ogg
sdom5027,15027,D:\program\SDO-X\SDO-X Alchemist World\music\sdom5027.sdm,H:\65_remake\assets\sdox_offline\music\sdom5027.ogg
sdom5028,15028,D:\program\SDO-X\SDO-X Alchemist World\music\sdom5028.sdm,H:\65_remake\assets\sdox_offline\music\sdom5028.ogg
sdom5029,15029,D:\program\SDO-X\SDO-X Alchemist World\music\sdom5029.sdm,H:\65_remake\assets\sdox_offline\music\sdom5029.ogg
sdom5030,15030,D:\program\SDO-X\SDO-X Alchemist World\music\sdom5030.sdm,H:\65_remake\assets\sdox_offline\music\sdom5030.ogg
sdom5033,15033,D:\program\SDO-X\SDO-X Alchemist World\music\sdom5033.sdm,H:\65_remake\assets\sdox_offline\music\sdom5033.ogg
sdom5035,15035,D:\program\SDO-X\SDO-X Alchemist World\music\sdom5035.sdm,H:\65_remake\assets\sdox_offline\music\sdom5035.ogg
sdom5040,15040,D:\program\SDO-X\SDO-X Alchemist World\music\sdom5040.sdm,H:\65_remake\assets\sdox_offline\music\sdom5040.ogg
sdom5041,15041,D:\program\SDO-X\SDO-X Alchemist World\music\sdom5041.sdm,H:\65_remake\assets\sdox_offline\music\sdom5041.ogg
sdom5042,15042,D:\program\SDO-X\SDO-X Alchemist World\music\sdom5042.sdm,H:\65_remake\assets\sdox_offline\music\sdom5042.ogg
sdom5044,15044,D:\program\SDO-X\SDO-X Alchemist World\music\sdom5044.sdm,H:\65_remake\assets\sdox_offline\music\sdom5044.ogg
sdom5045,15045,D:\program\SDO-X\SDO-X Alchemist World\music\sdom5045.sdm,H:\65_remake\assets\sdox_offline\music\sdom5045.ogg
sdom5046,15046,D:\program\SDO-X\SDO-X Alchemist World\music\sdom5046.sdm,H:\65_remake\assets\sdox_offline\music\sdom5046.ogg
sdom5047,15047,D:\program\SDO-X\SDO-X Alchemist World\music\sdom5047.sdm,H:\65_remake\assets\sdox_offline\music\sdom5047.ogg
sdom5048,15048,D:\program\SDO-X\SDO-X Alchemist World\music\sdom5048.sdm,H:\65_remake\assets\sdox_offline\music\sdom5048.ogg
sdom5051,15051,D:\program\SDO-X\SDO-X Alchemist World\music\sdom5051.sdm,H:\65_remake\assets\sdox_offline\music\sdom5051.ogg
sdom5053,15053,D:\program\SDO-X\SDO-X Alchemist World\music\sdom5053.sdm,H:\65_remake\assets\sdox_offline\music\sdom5053.ogg
sdom5060,15060,D:\program\SDO-X\SDO-X Alchemist World\music\sdom5060.sdm,H:\65_remake\assets\sdox_offline\music\sdom5060.ogg
sdom5062,15062,D:\program\SDO-X\SDO-X Alchemist World\music\sdom5062.sdm,H:\65_remake\assets\sdox_offline\music\sdom5062.ogg
sdom5064,15064,D:\program\SDO-X\SDO-X Alchemist World\music\sdom5064.sdm,H:\65_remake\assets\sdox_offline\music\sdom5064.ogg
sdom5065,15065,D:\program\SDO-X\SDO-X Alchemist World\music\sdom5065.sdm,H:\65_remake\assets\sdox_offline\music\sdom5065.ogg
sdom5066,15066,D:\program\SDO-X\SDO-X Alchemist World\music\sdom5066.sdm,H:\65_remake\assets\sdox_offline\music\sdom5066.ogg
sdom5067,15067,D:\program\SDO-X\SDO-X Alchemist World\music\sdom5067.sdm,H:\65_remake\assets\sdox_offline\music\sdom5067.ogg
sdom5068,15068,D:\program\SDO-X\SDO-X Alchemist World\music\sdom5068.sdm,H:\65_remake\assets\sdox_offline\music\sdom5068.ogg
sdom5069,15069,D:\program\SDO-X\SDO-X Alchemist World\music\sdom5069.sdm,H:\65_remake\assets\sdox_offline\music\sdom5069.ogg
sdom5070,15070,D:\program\SDO-X\SDO-X Alchemist World\music\sdom5070.sdm,H:\65_remake\assets\sdox_offline\music\sdom5070.ogg
sdom5071,15071,D:\program\SDO-X\SDO-X Alchemist World\music\sdom5071.sdm,H:\65_remake\assets\sdox_offline\music\sdom5071.ogg
sdom5072,15072,D:\program\SDO-X\SDO-X Alchemist World\music\sdom5072.sdm,H:\65_remake\assets\sdox_offline\music\sdom5072.ogg
sdom5073,15073,D:\program\SDO-X\SDO-X Alchemist World\music\sdom5073.sdm,H:\65_remake\assets\sdox_offline\music\sdom5073.ogg
sdom5074,15074,D:\program\SDO-X\SDO-X Alchemist World\music\sdom5074.sdm,H:\65_remake\assets\sdox_offline\music\sdom5074.ogg
sdom5079,15079,D:\program\SDO-X\SDO-X Alchemist World\music\sdom5079.sdm,H:\65_remake\assets\sdox_offline\music\sdom5079.ogg
sdom5080,15080,D:\program\SDO-X\SDO-X Alchemist World\music\sdom5080.sdm,H:\65_remake\assets\sdox_offline\music\sdom5080.ogg
sdom5081,15081,D:\program\SDO-X\SDO-X Alchemist World\music\sdom5081.sdm,H:\65_remake\assets\sdox_offline\music\sdom5081.ogg
sdom5082,15082,D:\program\SDO-X\SDO-X Alchemist World\music\sdom5082.sdm,H:\65_remake\assets\sdox_offline\music\sdom5082.ogg
sdom5083,15083,D:\program\SDO-X\SDO-X Alchemist World\music\sdom5083.sdm,H:\65_remake\assets\sdox_offline\music\sdom5083.ogg
sdom5084,15084,D:\program\SDO-X\SDO-X Alchemist World\music\sdom5084.sdm,H:\65_remake\assets\sdox_offline\music\sdom5084.ogg
sdom5085,15085,D:\program\SDO-X\SDO-X Alchemist World\music\sdom5085.sdm,H:\65_remake\assets\sdox_offline\music\sdom5085.ogg
